customer_id,customer_name,email,region,signup_date
C00001,Casey Ball,margareteaton@example.com,North,2025-02-15
C00002,Stephanie Simpson,doyleelijah@example.net,North,2022-06-25
C00003,Joseph Vega,odavis@example.net,East,2025-01-23
C00004,Amanda Burnett,guerrerobrian@example.org,South,2023-01-29
C00005,Edward Valdez,isaiahreynolds@example.com,South,2023-12-07
C00006,Jimmy Baker,teresa85@example.net,South,2023-04-07
C00007,Christina Patton,churchtina@example.org,North,2022-07-15
C00008,Charles Mason,lisa80@example.org,Central,2025-04-05
C00009,John Austin,petersonadriana@example.org,North,2024-03-20
C00010,Kimberly Bell,fsharp@example.org,Central,2023-10-29
C00011,Fernando Sims,henryyoung@example.net,West,2024-10-17
C00012,Michelle Pena,yvette49@example.org,North,2023-01-17
C00013,Michael Oconnor,bwade@example.com,North,2024-04-26
C00014,Michael Prince,dmorris@example.com,North,2022-12-01
C00015,Ashley Gilbert,hmckinney@example.org,South,2025-03-16
C00016,Tara Walker,vegastephanie@example.com,South,2024-02-23
C00017,William Hill,rmoody@example.net,Central,2022-09-17
C00018,Nicholas Peterson,saramoore@example.com,Central,2023-12-10
C00019,Brad Hall,ginamurphy@example.org,North,2024-07-21
C00020,Melissa Prince,lori69@example.com,Central,2022-06-27
C00021,Eric Donaldson,aarias@example.org,South,2022-02-22
C00022,Randall Holt,haasrussell@example.com,Central,2023-06-23
C00023,Tyler Pratt,joshuahayes@example.net,West,2023-06-05
C00024,Emily Parsons,john33@example.org,South,2024-12-08
C00025,Jacob Leach,jennifer18@example.org,West,2021-11-30
C00026,Eugene Hoffman,andrew65@example.net,Central,2021-07-01
C00027,Misty Gentry,beverly32@example.net,East,2023-04-07
C00028,Robert Davis,robert06@example.com,North,2024-01-15
C00029,Rick Hall,brandy46@example.com,South,2022-08-03
C00030,Teresa Martinez,gmckenzie@example.com,West,2023-05-11
C00031,Christine Chavez,khenry@example.org,East,2022-02-20
C00032,Mrs. Andrea Sawyer DDS,sandrakeller@example.org,East,2024-11-23
C00033,Cynthia Miller,john49@example.net,South,2025-03-13
C00034,Veronica Camacho,aprilsimpson@example.org,South,2025-02-27
C00035,Laura Wiley,leethomas@example.org,East,2022-06-08
C00036,Mikayla Moss,justingoodman@example.org,North,2023-08-10
C00037,Michael Hayes,parsonsandre@example.com,North,2024-03-02
C00038,Jeanne Chapman,schaeferkendra@example.org,West,2024-06-20
C00039,Barbara Hoover,nhaley@example.org,North,2022-10-21
C00040,John Lee,whitakerscott@example.net,East,2023-08-27
C00041,Zoe Cortez,buckapril@example.com,East,2021-06-22
C00042,Norman Hill,mcgeejennifer@example.org,Central,2022-09-30
C00043,Natalie Curtis,rfriedman@example.com,East,2023-04-13
C00044,Cynthia Johnson,kbentley@example.org,North,2024-12-05
C00045,Wendy Barker,jordanrobert@example.org,West,2021-09-14
C00046,Brandon Brooks,tammyanderson@example.com,Central,2025-03-06
C00047,Audrey Brown,scott55@example.net,North,2022-04-30
C00048,Travis Myers,donaldayala@example.org,West,2021-10-24
C00049,Matthew Davis,alexishayes@example.com,North,2024-10-10
C00050,David Booth,alexanderfox@example.com,Central,2022-07-12
C00051,Megan Evans,joshuamorris@example.com,East,2023-01-21
C00052,Paul Lee,coryrice@example.net,Central,2025-04-01
C00053,Lynn Carlson,christina24@example.net,East,2024-07-19
C00054,Stephanie Gill,ashleyeric@example.org,Central,2025-02-04
C00055,Maureen Young,diazjustin@example.org,South,2024-04-13
C00056,Jennifer Harris,cannonchristopher@example.net,North,2024-09-03
C00057,Max Hall,pmiranda@example.org,North,2022-11-20
C00058,Peter Wright,grangel@example.net,South,2022-08-19
C00059,Mckenzie Hall,david92@example.org,East,2024-02-15
C00060,Larry Odom,vrice@example.net,North,2023-03-13
C00061,Ryan Sparks,wjohnson@example.org,South,2023-10-03
C00062,Maria Nunez,cclark@example.org,North,2022-06-24
C00063,Robert Brady,justingonzalez@example.net,West,2024-09-09
C00064,Melissa Cohen,mfisher@example.com,East,2021-06-08
C00065,Antonio Williams,michelle08@example.com,West,2021-10-27
C00066,Daniel Williams,gbrown@example.net,East,2024-03-03
C00067,Brenda Henry,brianking@example.com,South,2024-02-24
C00068,Randy Payne,mccalljulia@example.net,East,2023-02-15
C00069,Bryan Anderson,tmclaughlin@example.net,East,2025-02-11
C00070,John Ramos,tiffanybaker@example.org,South,2023-12-25
C00071,Vicki Dominguez,nchan@example.org,East,2025-03-17
C00072,Colleen Mathews,davidross@example.com,North,2021-12-09
C00073,Robert Erickson,emilymiller@example.net,Central,2023-08-09
C00074,Ann Jones,sarah22@example.org,South,2022-04-03
C00075,Kathryn Smith,davisrobert@example.net,Central,2022-04-19
C00076,Edward Marquez,rivasbecky@example.org,South,2023-09-24
C00077,Caleb Grant,gomezkrista@example.org,South,2022-04-24
C00078,Deanna Taylor,jenkinsscott@example.com,West,2022-08-24
C00079,Brian Christensen,deancarlson@example.com,West,2021-11-27
C00080,Joseph Campbell,wagnertimothy@example.net,East,2025-03-29
C00081,Katherine Campos,yoderrobert@example.com,Central,2021-07-15
C00082,Richard Wilson,hendrickssherri@example.org,South,2023-12-31
C00083,Anthony Moore,lneal@example.net,East,2021-10-05
C00084,Deborah Rojas,kdonovan@example.org,North,2024-05-28
C00085,Tonya Meyer,charlesbrock@example.net,South,2022-10-22
C00086,George Alexander,morgan72@example.com,North,2022-08-30
C00087,Travis Davis,sarawilliams@example.com,East,2024-04-03
C00088,David Clark,ehenderson@example.org,West,2024-12-31
C00089,Bethany Shah,kenneth42@example.com,East,2022-02-01
C00090,Jason Contreras,joseph06@example.com,North,2021-08-16
C00091,Rebecca Cox,darrenmurphy@example.net,South,2022-05-09
C00092,Dr. Christine Crawford MD,changpatrick@example.net,Central,2022-12-23
C00093,Katherine Smith MD,escott@example.com,East,2023-07-04
C00094,Denise Thompson,jonesdavid@example.com,South,2022-07-29
C00095,Scott Klein,smithspencer@example.net,West,2024-02-23
C00096,Cassandra Lowery,vsmith@example.net,West,2023-08-17
C00097,Thomas Gonzalez,lisamathews@example.com,West,2024-04-25
C00098,Zachary Horn,harmoncameron@example.net,South,2021-07-04
C00099,George Thomas,martinezjonathan@example.com,East,2022-04-09
C00100,Stephen Johnson,johnwilliams@example.com,South,2021-07-28
C00101,Sandra Lawson,mejiamario@example.net,South,2025-02-10
C00102,Marcus Jones,xlee@example.com,Central,2022-12-21
C00103,Gene Wilkins,michael46@example.net,Central,2025-01-04
C00104,Brent Collins,jsmith@example.com,East,2022-08-28
C00105,Kenneth James,jamie28@example.net,Central,2021-05-08
C00106,Charles Johnston,phowell@example.net,West,2024-11-21
C00107,Joe Ramirez,tara57@example.com,Central,2023-12-09
C00108,Veronica Gates,larry48@example.com,West,2023-11-27
C00109,Mr. Joshua Vargas,millerjeffrey@example.com,East,2024-01-22
C00110,James Washington,bethhamilton@example.org,South,2024-12-24
C00111,Sara Bailey,sheila74@example.com,South,2025-03-05
C00112,James Little,tapiawillie@example.com,Central,2023-02-24
C00113,David Caldwell,jacquelinewells@example.org,West,2023-02-13
C00114,Luis Watkins,ericbrock@example.net,North,2023-05-18
C00115,Steven Wilson,bellsteven@example.net,North,2021-12-23
C00116,Jasmine Charles,ubennett@example.com,North,2024-03-09
C00117,Tyler Zuniga DDS,mccarthychristopher@example.org,South,2025-02-10
C00118,Barry Hunter,whiteduane@example.net,South,2024-04-11
C00119,Sara Lawrence,sarah32@example.com,West,2024-09-08
C00120,Brandon Johnson,marymoore@example.org,Central,2023-10-07
C00121,Colleen Villa,cory42@example.com,North,2021-06-27
C00122,Timothy Griffin,timsmith@example.org,West,2022-05-05
C00123,Miss Stacy Walls,jasondiaz@example.com,West,2023-11-12
C00124,Amy Poole,williamchristian@example.com,Central,2025-01-04
C00125,Bernard Gregory,erikwright@example.org,West,2022-02-10
C00126,Tamara Horton,angelanash@example.net,Central,2023-02-09
C00127,William Bailey,michaelmartin@example.com,East,2021-08-09
C00128,Alexandria Franklin,garciashawn@example.com,Central,2021-12-17
C00129,Bradley Wilson,finleychristina@example.org,North,2022-02-10
C00130,Sharon Hill,alexis56@example.com,North,2023-03-07
C00131,Michael Morgan,whall@example.com,Central,2025-02-05
C00132,Mr. Todd Garner,avilaconnor@example.org,East,2021-06-07
C00133,Danny Fuller,kedwards@example.org,East,2022-10-20
C00134,Andre Hoffman,qday@example.net,North,2022-11-28
C00135,Scott White,zachary55@example.org,East,2023-04-13
C00136,Lisa Moses,carloswatson@example.net,West,2024-04-01
C00137,Kerry Anderson,samantha05@example.net,South,2025-03-26
C00138,Carol Leonard,brownmichael@example.com,West,2024-05-06
C00139,Kenneth Robinson,benjamin67@example.net,North,2021-12-27
C00140,Bradley Smith,brandy63@example.com,East,2021-08-04
C00141,Angela Pierce,xkeller@example.net,Central,2022-06-01
C00142,Kevin Sanchez,gmartin@example.com,South,2024-01-05
C00143,Joseph Eaton,mtaylor@example.org,Central,2023-06-01
C00144,Marie Franco,jacobschelsey@example.net,North,2022-10-02
C00145,Tammy Green,farmerrenee@example.net,East,2023-11-23
C00146,Stacey Jones,rcase@example.com,Central,2023-02-10
C00147,Amber Reynolds,louis60@example.org,Central,2023-01-04
C00148,Michael Edwards,michael30@example.com,South,2023-08-14
C00149,Kyle Forbes,qortega@example.net,South,2024-03-14
C00150,Kelly Gray,perezaustin@example.org,East,2024-10-24
C00151,Frank Davenport,brittneyhendricks@example.net,South,2022-10-27
C00152,Dalton Sanchez,zward@example.org,Central,2022-12-29
C00153,Robert Morgan,zdavidson@example.com,Central,2022-07-13
C00154,John Ramsey,fpatterson@example.com,North,2025-01-28
C00155,Jason Lewis,shelbythompson@example.com,Central,2024-07-19
C00156,Kevin Miller,adammurray@example.com,East,2023-08-25
C00157,Jacob Costa,david59@example.com,West,2024-12-28
C00158,Sarah Lewis,rporter@example.org,North,2024-11-29
C00159,Adam Joseph,pattersonsteven@example.net,North,2022-07-14
C00160,Matthew Dawson,david84@example.com,East,2022-03-28
C00161,Daniel Gonzalez,qmoore@example.com,East,2023-01-07
C00162,Kelly Phillips,adrianlee@example.net,South,2022-01-07
C00163,Toni Peters,williambutler@example.org,North,2022-10-29
C00164,Deanna Stout,travispugh@example.org,South,2021-10-30
C00165,Christina Green,avillarreal@example.com,Central,2024-05-23
C00166,Nathan Johnson,jack14@example.org,North,2023-02-07
C00167,Jessica Huff,robertzavala@example.org,North,2021-07-28
C00168,Edward Ellison,hspencer@example.net,West,2021-10-27
C00169,Elizabeth Chapman,aaron78@example.net,North,2025-04-09
C00170,Brittany Chen,johnsweeney@example.com,Central,2023-10-10
C00171,Nicole Williams,charles31@example.com,South,2024-10-21
C00172,Kelly Potter,toddevans@example.com,South,2022-11-09
C00173,Scott Nichols,estesjack@example.com,West,2023-03-01
C00174,Cody Lang,cherylshea@example.com,Central,2024-02-21
C00175,Jillian Davidson,zmunoz@example.org,South,2022-08-11
C00176,Natasha Snyder,slopez@example.org,East,2023-10-22
C00177,Jason Smith,anthony10@example.net,Central,2024-02-20
C00178,Jesse Young,kayla43@example.com,Central,2024-12-28
C00179,Marie Wilson,jwilliams@example.org,West,2023-08-28
C00180,David Reed,ronald24@example.com,South,2021-12-23
C00181,Taylor Jackson,littlejeffrey@example.com,Central,2024-08-10
C00182,Allison Ho,emilyanderson@example.com,South,2023-02-16
C00183,Mary Durham,rebecca91@example.net,East,2024-05-01
C00184,Olivia Cooper,rosejacob@example.net,West,2021-08-05
C00185,Jeffrey Weaver,micheal03@example.com,East,2022-06-01
C00186,Curtis Williams,mossjamie@example.org,West,2022-04-25
C00187,Tanya Mcconnell,travisoconnor@example.com,Central,2021-10-18
C00188,David Robinson,davidcarter@example.com,West,2023-05-19
C00189,Heather Clark,nbaker@example.com,North,2023-03-15
C00190,Troy Stephens,robertcole@example.com,South,2024-09-15
C00191,Jennifer Ramsey,bellmichael@example.net,South,2024-03-24
C00192,James Meyers,corey43@example.com,North,2022-09-14
C00193,Dakota Lewis,sheltonmichelle@example.org,East,2022-10-04
C00194,Lisa Small,pwilson@example.org,North,2021-10-16
C00195,Catherine Smith,hlang@example.com,Central,2024-07-15
C00196,Amy Mayo,coopermartin@example.com,Central,2024-12-15
C00197,Ashley Fernandez,richard12@example.com,South,2023-12-29
C00198,Jose Martin Jr.,halexander@example.org,Central,2023-10-03
C00199,Kristen Gaines,jmccarthy@example.net,South,2022-07-21
C00200,Shelley Williams,williamrussell@example.net,North,2021-10-13
C00201,Erin Jenkins,listephanie@example.com,North,2022-05-10
C00202,Angela Wilson,ohart@example.com,North,2024-02-08
C00203,Rodney Tucker,melissaduarte@example.com,South,2021-11-12
C00204,Michael Casey,stephanie32@example.net,North,2021-06-25
C00205,Ashley Lee,mclaughlinjoshua@example.net,North,2021-12-02
C00206,Carly Mendez,joseph99@example.com,East,2022-06-18
C00207,Bonnie Lopez,bmitchell@example.net,North,2021-09-16
C00208,Brandon Perkins,kathrynmathis@example.net,Central,2022-10-04
C00209,Alison Lewis,nicholasfisher@example.net,South,2025-01-06
C00210,Kristen Flores,vmartinez@example.com,East,2025-04-19
C00211,Mary Miller,kayla15@example.com,West,2023-07-04
C00212,Taylor Ross,maryjohnson@example.org,South,2023-11-30
C00213,Angela Martin,shannonmartin@example.net,Central,2022-08-14
C00214,Nancy Wilson,edward11@example.com,South,2024-09-01
C00215,Rebecca Obrien,ochandler@example.net,Central,2023-05-18
C00216,Regina Ruiz,alexsmith@example.net,Central,2022-01-07
C00217,Jack Kent,daniellemckee@example.net,West,2024-09-07
C00218,Eric Riley,vincent99@example.org,South,2023-06-21
C00219,Daniel Cook,acastro@example.net,West,2025-03-03
C00220,Ronald Stewart,sanderswilliam@example.net,West,2024-01-30
C00221,Cathy Lambert,ysmith@example.org,South,2022-11-26
C00222,Andrew Robinson,ljohnson@example.com,North,2022-08-20
C00223,Jennifer Bates,padillapatricia@example.net,North,2023-02-20
C00224,Kelly Marks,bowenkristen@example.org,West,2024-05-05
C00225,Steven Bradley,jfox@example.net,East,2021-05-25
C00226,Wendy King,rbrooks@example.com,West,2023-05-02
C00227,Madison Simon,escobargrant@example.net,West,2023-11-28
C00228,Mrs. Brenda Baldwin PhD,austin91@example.net,West,2024-12-13
C00229,Traci Martinez,melissa10@example.org,North,2021-06-08
C00230,Nancy Walker,rcarson@example.com,North,2024-06-23
C00231,Ricky Lee II,qkaufman@example.com,North,2021-10-18
C00232,James Woodard,janebaker@example.com,West,2022-02-07
C00233,Alison Sherman,meganwilliams@example.com,East,2024-06-04
C00234,Diana Smith,mevans@example.org,North,2023-02-26
C00235,Savannah Robinson,rnguyen@example.org,South,2023-05-23
C00236,Kara Davis,shelbylee@example.net,South,2022-10-05
C00237,Lori Smith,allenmark@example.org,South,2024-03-06
C00238,Joyce Berry,danielle26@example.com,Central,2023-10-02
C00239,Andrew Vaughn,rebeccawaller@example.org,West,2024-10-10
C00240,Stephanie Jennings,robertssamuel@example.org,South,2023-11-03
C00241,Jaime Mills,karenwells@example.org,West,2022-07-09
C00242,Erin Hughes,michele63@example.org,South,2024-12-13
C00243,Jesus Williams,zhaynes@example.com,East,2023-10-30
C00244,Amy Baker,iangallagher@example.net,West,2022-12-28
C00245,Amanda Green,bbrown@example.org,South,2023-02-16
C00246,Colleen West,matthewnelson@example.com,North,2024-05-20
C00247,Duane Anderson,lcrawford@example.org,West,2022-08-28
C00248,Joe Davenport,heather53@example.com,Central,2024-02-07
C00249,Phillip Barton,michael93@example.net,North,2023-05-29
C00250,Brianna Velez,barbaranelson@example.net,North,2024-12-29
C00251,Janet Collins,curtisbrennan@example.net,Central,2024-02-14
C00252,Matthew Gonzalez,shawna99@example.net,North,2021-07-18
C00253,Brent Stone,elizabeth04@example.net,North,2024-03-07
C00254,Phillip Lopez,prodriguez@example.com,South,2023-10-05
C00255,Audrey Humphrey,walter64@example.com,South,2023-09-08
C00256,Michael Gonzalez,jacksonandrew@example.org,West,2023-08-10
C00257,Mr. Oscar Reeves,jlambert@example.com,West,2024-07-13
C00258,Joshua Hall,jhouston@example.org,West,2022-08-19
C00259,Raven Dawson,susandouglas@example.net,South,2025-04-22
C00260,Gregory Santiago,jamesjennifer@example.org,West,2023-12-27
C00261,Kelly Jones,llopez@example.org,North,2022-01-05
C00262,Tammy Black,jennifer65@example.com,South,2022-04-01
C00263,Jennifer Bell,griffinrobert@example.net,West,2021-12-16
C00264,Andrea Carson,edward79@example.com,North,2022-05-08
C00265,Natasha Robinson,gregorychristopher@example.com,West,2022-01-10
C00266,Martin Brown,schaeferjoshua@example.org,East,2023-01-06
C00267,Kristine Cummings,clinemelissa@example.net,West,2023-09-04
C00268,Kelsey Mcdonald,michael79@example.net,East,2022-04-01
C00269,Sheri Hernandez,craigjermaine@example.net,West,2021-05-18
C00270,Erin Turner,amanda76@example.net,Central,2021-08-09
C00271,Jimmy Williams,taylor56@example.com,West,2024-10-19
C00272,Stephanie Cooper,chrismaldonado@example.org,South,2021-11-09
C00273,Joy Marquez,williambass@example.org,South,2023-10-03
C00274,Randall Friedman,joshua12@example.org,East,2023-06-06
C00275,Cynthia Shaw,ana81@example.net,South,2023-01-29
C00276,Paul Palmer,robert44@example.com,North,2024-05-16
C00277,Sarah Reid,nathan14@example.org,Central,2021-05-30
C00278,Samuel Lowery,halldiana@example.net,Central,2021-11-30
C00279,Jennifer Martinez,lewiscrystal@example.com,North,2023-04-24
C00280,Larry Rodriguez,curryjoseph@example.com,East,2024-03-28
C00281,Janice Smith,hicksjessica@example.org,North,2021-12-06
C00282,Mark Wagner,choijulie@example.org,North,2023-11-17
C00283,Spencer Moran,aking@example.org,Central,2021-11-12
C00284,Tammy Lee,stronggeorge@example.com,West,2024-01-06
C00285,Nicole Cuevas,rogertaylor@example.com,Central,2025-02-27
C00286,Scott Snyder,katie69@example.net,Central,2022-05-16
C00287,Ryan Dennis,cobbdaniel@example.org,South,2023-02-18
C00288,Jaime Campbell,sherriacevedo@example.com,North,2024-11-09
C00289,Wesley Powers,stacy75@example.org,Central,2022-01-12
C00290,Sarah Anderson,zramos@example.net,North,2022-09-03
C00291,David Brown,pierceanthony@example.com,South,2022-10-22
C00292,Mark Diaz,phansen@example.com,North,2023-11-21
C00293,Jessica Sparks,heatherrichards@example.org,Central,2022-09-10
C00294,Julia Yates,colleenschaefer@example.org,North,2024-07-20
C00295,Connor Simpson,rebeccasmith@example.net,South,2023-02-01
C00296,Keith Hernandez,joseyang@example.com,West,2023-07-28
C00297,Christopher Morrison,isaac86@example.net,North,2023-09-09
C00298,Jessica Mann,brandon36@example.org,Central,2023-07-21
C00299,Kayla Wheeler,meganscott@example.com,South,2021-12-08
C00300,Robert Sims,robertpatterson@example.net,Central,2023-03-27
C00301,Dr. Sarah White,garciajonathan@example.net,Central,2021-06-11
C00302,Heather Carroll,donna06@example.org,North,2022-06-12
C00303,Jessica Singh,atkinswalter@example.org,Central,2024-07-27
C00304,Joseph Dennis,lauren14@example.org,North,2022-03-25
C00305,Lacey Wolf,suzannewalton@example.org,West,2022-07-12
C00306,Krista Ramirez,xmonroe@example.org,Central,2022-12-03
C00307,Jeremy Ward,woodscynthia@example.net,Central,2025-03-19
C00308,Terry Jones,floresgina@example.com,Central,2023-10-24
C00309,Alicia Burke,rsmith@example.org,East,2023-07-01
C00310,Courtney Woodward,amy28@example.com,East,2024-05-14
C00311,Kevin Adams,greenbrian@example.org,South,2024-02-11
C00312,Marilyn Baldwin,jasongilbert@example.com,East,2025-03-17
C00313,Kelsey Bell,conradjohn@example.net,South,2024-10-27
C00314,Philip Walker,jerry81@example.org,East,2023-09-13
C00315,Kevin Chavez,michael07@example.org,West,2023-08-14
C00316,Melissa Castaneda,valerieskinner@example.org,South,2021-06-26
C00317,Alex Wilson,bradkrueger@example.org,East,2023-02-05
C00318,Rodney Cook,lori11@example.com,West,2023-09-24
C00319,Angela Turner,vjones@example.org,East,2021-07-07
C00320,Karen Rhodes,walterssteven@example.com,North,2021-09-06
C00321,Robert Lee,joshua94@example.net,North,2024-10-27
C00322,Courtney Cobb DVM,qarmstrong@example.org,West,2024-04-21
C00323,Jesse Maddox,mcclureamanda@example.com,Central,2022-06-22
C00324,James Gonzales,floresvictoria@example.net,Central,2024-10-20
C00325,Annette Griffin,bpatel@example.net,North,2024-12-31
C00326,Sandra Moore,zsantana@example.org,North,2024-05-27
C00327,Brianna Zimmerman,kellyrebecca@example.com,Central,2024-01-15
C00328,Heather Harris,djarvis@example.net,South,2023-03-24
C00329,Patricia Lewis,carolrobinson@example.com,Central,2022-09-22
C00330,Mrs. Deborah Thornton MD,jasonhebert@example.com,East,2025-04-06
C00331,Mr. Jeffrey Williams,kempdanny@example.org,South,2021-10-28
C00332,Brittany Cooper,bakerkelly@example.com,East,2023-10-28
C00333,Bradley Rodriguez,jameshannah@example.org,North,2021-12-19
C00334,Michael Walker,rhondalin@example.net,South,2021-08-11
C00335,Gina Hall,felicia57@example.net,East,2022-01-14
C00336,Frank Allen,chubbard@example.com,East,2022-09-15
C00337,Julie Jackson,desireewest@example.com,South,2024-01-28
C00338,Darren Kim,beverlyhenderson@example.com,West,2025-04-05
C00339,Samuel Barrett,johnwiley@example.com,Central,2023-07-11
C00340,Michelle Roth,monique91@example.net,East,2024-06-14
C00341,Lisa Perez,csmith@example.net,Central,2024-09-08
C00342,Michelle Brown,charlesduke@example.net,Central,2023-09-07
C00343,Tyler Jones,bbrown@example.net,North,2024-07-16
C00344,Andre Morrison,lisa07@example.net,Central,2024-04-03
C00345,Elizabeth Gardner,ihubbard@example.org,East,2022-12-22
C00346,Mark Roberts,sheltondavid@example.net,North,2021-10-27
C00347,Sarah Marshall,dukepaul@example.net,South,2021-10-03
C00348,John Lewis,lsmith@example.com,East,2024-11-20
C00349,Holly Alvarez,natalierodriguez@example.net,North,2024-07-24
C00350,Natasha Burton,justincarpenter@example.com,North,2023-09-30
C00351,Adrian Pineda,klopez@example.net,Central,2021-07-02
C00352,Derek Patel,marylee@example.org,South,2022-05-03
C00353,Tracy Dominguez,fordlaurie@example.org,East,2024-12-15
C00354,Kathryn Tanner,qvaldez@example.com,East,2022-11-24
C00355,Jeremiah Strickland,samantha03@example.net,Central,2023-06-09
C00356,Jason James,savannahcarter@example.org,South,2024-11-12
C00357,Cory Bennett,floydsandra@example.net,East,2022-07-15
C00358,Joshua Graves,xcole@example.com,South,2023-01-21
C00359,Kelsey Lopez,patrickpark@example.net,East,2023-01-29
C00360,Jonathan Clark,brandon68@example.org,Central,2022-02-27
C00361,Christina Delacruz,daniel63@example.org,West,2023-06-14
C00362,Denise Bass,jennifer64@example.org,East,2022-08-20
C00363,Jeffrey Davis,milleremily@example.org,North,2023-04-12
C00364,Bryan Nguyen,preyes@example.com,North,2024-08-21
C00365,Ryan Rivera,xmarquez@example.net,West,2024-01-08
C00366,Andrew Castro,david25@example.com,East,2023-02-14
C00367,Alex Campbell,donald56@example.org,North,2025-04-10
C00368,Andrea Ross,dblackburn@example.org,North,2023-07-08
C00369,Denise Moore,james21@example.net,East,2024-08-03
C00370,Mr. Stanley Johnson,amberbrown@example.net,South,2021-12-04
C00371,Karen Odonnell,valerielarsen@example.com,East,2022-09-01
C00372,Corey Wells,montgomerybenjamin@example.com,South,2025-02-10
C00373,Scott Contreras,fjackson@example.net,West,2021-11-29
C00374,Steven Espinoza,tina63@example.com,Central,2022-10-17
C00375,Patricia Francis,karenromero@example.com,West,2021-11-09
C00376,Dana Reed,hbailey@example.org,Central,2022-04-10
C00377,Gary Bailey,aliciacampos@example.net,North,2021-08-31
C00378,Lisa Bishop,cooperjessica@example.net,North,2024-02-10
C00379,Jacqueline Padilla,richardwalker@example.com,North,2022-01-23
C00380,Fernando Lowery,martinezshawn@example.net,South,2024-12-12
C00381,Gabriela Taylor,williamsfernando@example.org,Central,2021-09-14
C00382,Scott Hogan,wanderson@example.net,North,2023-04-16
C00383,Todd Olson,josephgibson@example.net,East,2023-01-03
C00384,Isabel Sanders,john11@example.net,Central,2024-10-21
C00385,Michelle Wise,youngvictor@example.com,Central,2023-03-27
C00386,Sharon Gomez,timothy76@example.com,South,2025-03-11
C00387,Chad Hall,bsnyder@example.com,West,2022-04-11
C00388,Jonathan Shaw,morgangillespie@example.com,South,2024-05-10
C00389,Luis Turner,janet18@example.net,North,2023-05-08
C00390,John Murphy,kellycarter@example.org,East,2024-11-03
C00391,James Reynolds,benjaminduncan@example.net,East,2024-05-18
C00392,Sharon Hampton,tgomez@example.org,North,2022-08-25
C00393,Barbara Wilson,kwalker@example.com,East,2023-02-08
C00394,Brandy Brown,sgriffith@example.com,South,2022-08-05
C00395,Karen Barton,jessicahamilton@example.org,South,2021-09-26
C00396,Gina Barry,suzannenewman@example.net,North,2021-12-21
C00397,Susan Hatfield,osbornewilliam@example.org,East,2022-08-13
C00398,Emily Casey,youngcory@example.com,Central,2023-11-29
C00399,Shannon Brooks,andrewfranklin@example.com,West,2022-06-17
C00400,Christine Potter,acline@example.com,Central,2025-03-20
C00401,Jennifer Rojas,daniel55@example.com,South,2022-10-27
C00402,Cristian Wells,darrellpatterson@example.net,South,2022-03-07
C00403,Mary Vargas,brandonmatthews@example.org,South,2024-12-09
C00404,Tamara Morris,vmccoy@example.com,South,2024-12-24
C00405,Brett Mccall,cfox@example.com,West,2022-10-02
C00406,Mary Moreno,fbraun@example.org,North,2021-07-19
C00407,Danielle Lane,zholloway@example.com,South,2023-01-20
C00408,Jason Brooks,terrimathews@example.net,East,2023-09-03
C00409,Lisa Foster,brownsonya@example.org,West,2022-10-10
C00410,Valerie Thompson,brittany00@example.com,South,2024-09-29
C00411,Lisa Anderson,fmiranda@example.com,East,2022-04-08
C00412,Tony Smith,stevenford@example.org,South,2021-07-09
C00413,Denise Moss,tammyhiggins@example.net,North,2021-10-02
C00414,Eric Stewart,henrykevin@example.com,West,2023-12-28
C00415,Brian Davis,aking@example.com,North,2022-10-30
C00416,Darren Smith,maria21@example.org,West,2024-11-21
C00417,Daniel Morris,robertskathleen@example.org,South,2023-03-08
C00418,Regina Rivera,ggarcia@example.net,South,2022-07-23
C00419,Michael Johnson,thomas78@example.net,West,2022-01-26
C00420,Anna Rios,theodore39@example.net,East,2023-11-02
C00421,April Cline,alfred84@example.org,East,2023-07-29
C00422,Katie Gordon,mcdonaldphillip@example.net,South,2024-02-06
C00423,Mr. Eric Nelson,lancehansen@example.org,South,2024-08-03
C00424,Shawn Martin,michaelsims@example.org,North,2024-02-12
C00425,Colin Knight,peterthompson@example.org,South,2022-05-13
C00426,Danielle Pearson,hamiltonamber@example.net,West,2021-08-07
C00427,James Andrews,williamturner@example.net,East,2021-12-17
C00428,James Johnson,wray@example.com,East,2022-09-16
C00429,Caleb Deleon,patricia08@example.com,North,2023-05-15
C00430,Andrew Jones,stephen75@example.org,East,2024-02-23
C00431,Steven Mclean,justin39@example.net,East,2022-12-17
C00432,Javier Jimenez,jakeflores@example.net,Central,2024-10-13
C00433,James Freeman,mshea@example.com,West,2023-12-28
C00434,Don Green,steve37@example.com,Central,2023-02-12
C00435,Joseph Smith,michaelcarlson@example.net,East,2024-07-02
C00436,Cameron Stein,jreed@example.org,North,2022-02-20
C00437,Kristen Peterson,josephhughes@example.com,North,2023-03-01
C00438,Monique Evans,vfrost@example.com,East,2021-10-19
C00439,Phillip Ibarra,xhanson@example.com,South,2023-05-27
C00440,Whitney Garcia,jorgemartin@example.org,Central,2021-06-26
C00441,Stephanie Chapman,sanfordlucas@example.com,East,2023-12-31
C00442,Joseph Torres,kellyaustin@example.net,North,2023-12-21
C00443,Mariah Wheeler,megan21@example.net,North,2022-09-10
C00444,Christine Ellis,mcdonaldcassandra@example.org,Central,2024-12-13
C00445,Lisa Turner,pberry@example.org,West,2022-08-26
C00446,April Harris,jenniferkelly@example.net,East,2024-10-15
C00447,Cheryl White,mullinsrichard@example.net,East,2021-05-21
C00448,Laura Orozco,newtoncatherine@example.com,West,2024-06-15
C00449,Christina Barnes,lvasquez@example.com,Central,2024-09-06
C00450,Stacey Johnston,bryangordon@example.net,Central,2022-10-27
C00451,Richard Wallace,cruzgeorge@example.org,North,2025-03-15
C00452,Victor Bass,robertsadam@example.org,West,2024-03-06
C00453,Alicia Mathis,tanyafox@example.net,Central,2023-02-18
C00454,Laura Sanchez,jacob20@example.net,South,2022-06-06
C00455,Jorge Scott,bmiller@example.org,East,2021-08-04
C00456,Sarah Wagner,stevenrojas@example.net,North,2024-11-29
C00457,Patricia Sutton,warnerandre@example.org,West,2025-02-12
C00458,Michael Lowe,robertmendez@example.org,North,2021-09-25
C00459,Monica Weeks,cochranmichael@example.org,Central,2023-03-05
C00460,Miranda Sanchez,jason12@example.org,Central,2022-11-04
C00461,Barbara Murray,brandon60@example.com,South,2022-02-03
C00462,Tanya Lara,nbates@example.org,East,2023-02-08
C00463,Katie Serrano,rduran@example.com,West,2025-03-12
C00464,Kathryn Robbins,leonard07@example.org,North,2021-05-26
C00465,Brandon Hodge,martinjessica@example.net,East,2023-07-20
C00466,Cheryl Middleton,zachary72@example.org,Central,2021-11-01
C00467,Angela Foster,belinda43@example.com,East,2024-07-01
C00468,Sara Graham,lori89@example.org,North,2023-08-05
C00469,Denise Henderson,nicholstammy@example.net,East,2022-08-06
C00470,Angela Stevens,gvelez@example.net,Central,2023-11-27
C00471,Sarah Nicholson,bradleyjones@example.com,East,2025-04-21
C00472,Heather Chapman,dawn55@example.org,West,2021-07-06
C00473,Richard Gates,christinachapman@example.net,East,2024-01-18
C00474,Dr. Theresa Little MD,fcox@example.org,West,2023-08-27
C00475,Robert Nunez,webbamanda@example.net,East,2023-10-28
C00476,Paul Jones,vadams@example.com,Central,2024-03-09
C00477,Stacey Ramsey,lsmith@example.org,South,2024-11-10
C00478,Hunter Colon,jeffrey11@example.net,South,2022-04-26
C00479,Dale Wiley,hburke@example.net,West,2021-05-17
C00480,Amanda Horn,andersonrobert@example.net,West,2021-08-25
C00481,Michael Merritt,robertmurphy@example.net,South,2023-09-17
C00482,Alex Russell,philip67@example.com,Central,2022-05-15
C00483,Michael Patterson,elizabeth59@example.net,Central,2024-08-17
C00484,Charles Melendez,middletonjames@example.net,East,2021-07-01
C00485,Susan Shelton,haroldwoods@example.com,West,2021-05-14
C00486,Lisa Mckee,nathan36@example.net,Central,2022-02-01
C00487,Danielle Molina,jared28@example.org,North,2024-12-27
C00488,Heather Perez,andrew16@example.org,East,2025-03-02
C00489,Sean Mccarthy,yueric@example.com,East,2024-04-16
C00490,Lisa Lynch,rushjessica@example.com,South,2024-09-30
C00491,Megan Ward,michaelbraun@example.com,West,2025-04-13
C00492,Emily Rodriguez,allison49@example.com,Central,2024-10-01
C00493,Brittany Gordon,james61@example.com,Central,2024-05-05
C00494,Robert Murillo,montgomerybarbara@example.net,East,2021-06-10
C00495,Daniel Potter,kayla13@example.org,West,2021-10-06
C00496,Brian Barrera,dennisramirez@example.org,West,2024-12-20
C00497,Debra Wallace,joshua55@example.net,West,2024-08-06
C00498,Theodore Richards,michael61@example.org,South,2022-10-19
C00499,Benjamin Davis,bradleyruiz@example.com,Central,2021-12-14
C00500,Jimmy Mills,kyle55@example.org,West,2025-02-17
C00501,Andrew Mcguire,idavies@example.com,South,2024-12-13
C00502,David Hammond,andrew83@example.com,North,2022-08-08
C00503,Cheryl Miller,karipatterson@example.com,East,2023-09-15
C00504,Kevin Rodriguez,chase90@example.net,Central,2025-03-11
C00505,April Lopez,robertocohen@example.org,Central,2024-02-13
C00506,Haley Andrade,xnewman@example.org,East,2024-01-04
C00507,Ronald Watkins,josephodom@example.net,North,2025-01-11
C00508,Michelle Shaw,troyarnold@example.com,South,2023-04-19
C00509,Tammy Brewer,bernard69@example.org,East,2023-05-14
C00510,Joshua Moses,brian36@example.net,South,2023-10-06
C00511,Jenna Lewis,yfischer@example.net,South,2024-05-31
C00512,James Anderson,jessica93@example.net,South,2022-01-22
C00513,Vicki Robinson,amymurray@example.org,North,2023-02-19
C00514,Louis Smith,wallacematthew@example.org,North,2024-08-21
C00515,Bradley Ramos,christine31@example.org,South,2021-07-26
C00516,Cheryl Ramos,spencerwillis@example.org,West,2023-02-16
C00517,Amy Mcmahon,jenningschristopher@example.net,Central,2024-05-28
C00518,Edwin Ross MD,christopher51@example.com,North,2023-01-30
C00519,Jennifer Baker,cmendoza@example.com,West,2025-04-03
C00520,Tara Miranda,ryanrivera@example.com,West,2025-04-08
C00521,Christina Dominguez,nbrown@example.net,Central,2025-03-01
C00522,Susan Thompson,lyonsmark@example.org,South,2023-02-03
C00523,Heather Wilson,zhansen@example.com,West,2024-09-10
C00524,Brandon Gallagher,guerradaniel@example.net,West,2023-07-28
C00525,Kevin Davis,gibsonkatherine@example.org,West,2021-05-31
C00526,Patrick Dunlap Jr.,rebecca24@example.com,South,2022-11-28
C00527,Angelica Williams,lisa65@example.com,South,2023-04-13
C00528,James Williams,qharris@example.com,North,2025-02-08
C00529,Cynthia Johnson,inolan@example.org,North,2022-08-17
C00530,Stephanie Murray,thompsonkaren@example.com,West,2023-07-05
C00531,Ashley Anderson,bookernichole@example.net,South,2021-12-07
C00532,Adam Alvarado,ericaedwards@example.net,South,2023-01-07
C00533,Michelle Hampton,allenjohnson@example.com,Central,2023-09-03
C00534,Nicholas Humphrey,michael19@example.com,West,2022-06-28
C00535,Heather Owens,joseph69@example.net,North,2023-03-07
C00536,Krista Wallace,fhebert@example.net,Central,2024-07-29
C00537,John Jordan,cconley@example.net,South,2022-04-22
C00538,Garrett Roberts,agregory@example.com,North,2023-07-23
C00539,Victor Taylor,fgonzales@example.net,West,2024-06-28
C00540,Rhonda Brown,vbanks@example.com,South,2022-07-07
C00541,Kara Palmer,njoseph@example.com,West,2024-07-03
C00542,Michael Duarte,rberg@example.org,Central,2023-08-12
C00543,Ms. Mary Mason MD,juandennis@example.org,Central,2022-09-26
C00544,Mary Bennett,bettybarnes@example.com,Central,2024-09-30
C00545,Tiffany Horton,alishamorrow@example.com,East,2024-08-05
C00546,Lisa Stephens,lucas48@example.com,West,2023-07-31
C00547,Briana Brown,yarmstrong@example.net,Central,2023-07-17
C00548,Ruth Ramirez,madkins@example.com,Central,2021-08-16
C00549,Robert Farrell,xglass@example.net,West,2025-02-11
C00550,Adam Moore,harry42@example.net,Central,2023-09-29
C00551,Warren Eaton,doyletyler@example.org,West,2024-05-09
C00552,Jeremy Sanders,ajackson@example.org,South,2023-10-24
C00553,Brian Frazier,derrick99@example.com,West,2023-05-25
C00554,Alex Henry MD,kristirichards@example.org,West,2022-04-04
C00555,Tammy Schneider,gonzalezjasmine@example.net,East,2024-08-10
C00556,Patrick Herring,katherine23@example.org,South,2021-05-09
C00557,Bradley Carr,michaelcrawford@example.org,East,2024-10-12
C00558,Julie Jackson,cnavarro@example.net,Central,2024-02-03
C00559,Melissa Carey,baileydestiny@example.com,West,2021-05-27
C00560,Catherine Smith DVM,kaitlynflynn@example.com,South,2025-02-21
C00561,Anna Humphrey,daltonneal@example.net,East,2023-09-07
C00562,Jill Fitzpatrick,baguirre@example.com,West,2024-08-03
C00563,Albert Gutierrez,awilliams@example.com,North,2025-01-28
C00564,Amy Anderson,maldonadomichael@example.com,East,2023-06-06
C00565,Robert Barton,brianpowers@example.com,South,2022-08-09
C00566,Brandon Whitaker,michaelmcbride@example.net,East,2025-04-04
C00567,Susan Robinson,amymata@example.com,East,2024-02-09
C00568,Timothy Hoover,tiffanylewis@example.net,East,2023-08-29
C00569,Heather Hernandez,jeanette06@example.net,Central,2023-07-14
C00570,Amy Castillo,dustintownsend@example.org,North,2024-07-14
C00571,Andres Carter,garybradley@example.com,South,2022-05-27
C00572,Bruce Lewis,ysanchez@example.net,South,2021-08-16
C00573,David Wells,kleinheather@example.org,South,2023-12-23
C00574,Jason Sims,nicole84@example.org,West,2024-03-08
C00575,Cody Monroe,annhoffman@example.com,South,2022-04-07
C00576,Mitchell Knox,nperry@example.org,South,2022-06-13
C00577,Elizabeth Morales,johnsoncarolyn@example.net,North,2024-08-23
C00578,Donald Lewis,smithshaun@example.net,West,2024-11-29
C00579,Manuel Perkins,keith55@example.net,West,2021-10-29
C00580,Wayne Mcbride,drakechristopher@example.com,East,2021-07-21
C00581,Marilyn Davidson,cynthia36@example.net,Central,2024-05-07
C00582,Timothy Lawson,bethany72@example.net,West,2024-10-15
C00583,Chad Parsons,shawnrobinson@example.org,West,2024-05-30
C00584,Ashley Gonzalez,beltrankeith@example.net,North,2022-08-12
C00585,John Davis,riveraann@example.com,South,2024-10-14
C00586,Abigail Lewis,schmittbrianna@example.com,West,2024-01-12
C00587,Bruce Martinez,robleslinda@example.org,West,2022-12-02
C00588,Gary Palmer,martingregory@example.com,Central,2023-02-27
C00589,Steven Stuart,joanna53@example.com,North,2024-08-18
C00590,Blake Herrera,walkerkelly@example.net,Central,2022-02-09
C00591,Chad Grant,jenkinscaleb@example.com,West,2024-08-29
C00592,Kimberly Estrada,vbell@example.net,West,2022-06-13
C00593,Kelly Freeman,solisheather@example.com,North,2023-02-15
C00594,Robert Hill,scottdrew@example.net,East,2022-09-11
C00595,Amy Douglas,stephaniemitchell@example.net,East,2024-03-13
C00596,Amanda Warner,williamortega@example.net,West,2022-01-14
C00597,Karen Thomas,johnnybarrett@example.net,West,2023-08-07
C00598,Mrs. Patricia Woods,holly17@example.net,Central,2024-11-09
C00599,Jared Cummings,timothy12@example.net,Central,2025-02-14
C00600,Jasmine Smith,shahjames@example.org,Central,2024-02-10
C00601,Matthew Young,ashleepatrick@example.net,South,2021-11-14
C00602,Michael Ryan,brownkelsey@example.net,West,2021-05-10
C00603,Michelle Benson,zmorgan@example.org,South,2022-03-19
C00604,Angelica Zuniga,johnsonmegan@example.net,East,2025-01-15
C00605,Joseph Mccoy,kimberlytaylor@example.org,West,2024-09-07
C00606,Suzanne Garcia,ltaylor@example.org,West,2025-02-06
C00607,Melanie Kline,rebekahmiller@example.org,North,2022-05-12
C00608,Jacqueline Jimenez,ericwhite@example.com,West,2023-05-24
C00609,Samuel Davis,durannorman@example.net,East,2023-08-07
C00610,Michael Guerrero,scampbell@example.net,West,2024-01-27
C00611,Eric Jordan,pam08@example.org,South,2023-03-18
C00612,Bradley Bell,vreyes@example.net,West,2022-06-22
C00613,Nicholas Andrews,brookskatherine@example.net,South,2025-04-15
C00614,Dawn Whitehead,rachelelliott@example.net,Central,2021-08-01
C00615,Mary Reid,cdowns@example.org,Central,2021-08-23
C00616,David Mitchell,smithedward@example.org,North,2024-05-29
C00617,Anthony Lutz,leachchristopher@example.org,West,2021-08-19
C00618,Ronald Larsen,rose03@example.net,Central,2022-01-19
C00619,Jennifer Clements,kevinward@example.org,Central,2023-02-22
C00620,Paula Bruce,rodgerstaylor@example.net,North,2022-04-25
C00621,John Potts,omar35@example.org,North,2021-08-14
C00622,Lindsay Taylor,smithmichael@example.org,West,2022-06-25
C00623,Andrea Thomas,porterpenny@example.net,South,2024-02-09
C00624,Jeremy Nelson,jill48@example.org,West,2024-10-09
C00625,Michael Long,james80@example.net,South,2023-10-25
C00626,William Romero,gabrielawagner@example.org,North,2024-01-11
C00627,Angela Charles,elizabethbranch@example.net,East,2022-01-27
C00628,Christopher Anderson,piercechristopher@example.com,West,2025-01-15
C00629,Emma Nelson,barryedwards@example.org,East,2025-04-21
C00630,Alan Elliott,amandagarcia@example.net,South,2025-01-16
C00631,Stephanie Gordon,dhudson@example.org,West,2023-05-12
C00632,Timothy Evans,bill33@example.org,East,2022-09-01
C00633,Linda Campbell,christina09@example.net,East,2023-07-20
C00634,George Armstrong DVM,salazarjoseph@example.org,West,2024-09-03
C00635,Ronnie Miller,robertsonmary@example.org,East,2024-05-04
C00636,Mary Peck,jessica37@example.com,West,2022-06-16
C00637,Lauren Wilson,leslie31@example.org,East,2021-07-01
C00638,Sarah Edwards,mortiz@example.org,North,2022-12-20
C00639,Samantha Whitehead,frank80@example.com,West,2025-04-15
C00640,Janet Douglas,richard79@example.org,North,2023-08-21
C00641,Jennifer Garcia,wmurray@example.com,Central,2023-06-29
C00642,Kevin Franklin,qcalderon@example.org,North,2021-06-24
C00643,Mark Salinas,vjordan@example.com,East,2023-01-06
C00644,Robert Murray,scottvictoria@example.org,South,2023-09-26
C00645,Theresa Hayes,chadnelson@example.net,North,2023-12-19
C00646,Joshua Buchanan,irojas@example.org,North,2023-03-17
C00647,Todd Greene,ebrown@example.org,North,2021-05-23
C00648,Jennifer Bailey,jermaine24@example.org,South,2024-02-13
C00649,Michael Martinez,bakerrebecca@example.com,South,2024-09-01
C00650,Albert Allen,corey14@example.org,North,2021-06-29
C00651,Sarah Estes,douglas06@example.net,Central,2023-01-04
C00652,James Benjamin,glennmichael@example.net,South,2024-12-12
C00653,Cody French,lynnfernandez@example.net,South,2021-11-01
C00654,George Ingram,vanderson@example.com,South,2021-10-12
C00655,Lauren Murray,breannajones@example.org,West,2021-06-27
C00656,Justin Thomas,nathan49@example.org,North,2024-02-26
C00657,Jessica Carter,michaelgutierrez@example.net,Central,2023-01-31
C00658,James Vega,seanjennings@example.net,South,2024-12-23
C00659,Stephen Johnson,williamsnatalie@example.org,West,2024-03-14
C00660,Alexis Boone,schneiderjennifer@example.org,East,2023-11-05
C00661,Brandon Garcia,michellesharp@example.org,East,2022-02-17
C00662,Janet Curry,juan67@example.org,South,2021-08-28
C00663,Brianna Sanchez,halljames@example.com,Central,2022-05-27
C00664,Amber Richardson,gregory10@example.net,Central,2024-10-21
C00665,Miss Stacy Friedman MD,jonathandalton@example.net,North,2022-04-29
C00666,Todd Johnston,jennifer62@example.org,South,2022-10-17
C00667,Jeffrey Thomas,jhicks@example.com,East,2021-11-17
C00668,Kathy Ritter,kevin76@example.org,North,2021-11-04
C00669,Derek Leonard,sheilabush@example.net,Central,2021-10-14
C00670,Corey Stewart,ojimenez@example.org,North,2023-08-14
C00671,Samantha Buck,jamesevans@example.org,East,2025-04-06
C00672,Allison Hernandez,beckypennington@example.org,Central,2021-09-21
C00673,Yolanda Glover,jose45@example.net,West,2025-03-06
C00674,Andrew Harrison,roachcurtis@example.com,West,2021-07-10
C00675,Amanda Gonzalez,bruce14@example.org,South,2023-10-14
C00676,Zachary Young,hbennett@example.com,North,2022-12-04
C00677,Kyle Wright,lauraferguson@example.com,Central,2024-08-02
C00678,James Chandler,heather14@example.net,South,2023-01-04
C00679,Kristin Thomas,chadbaker@example.com,North,2024-08-02
C00680,Danielle Hatfield,dwayne00@example.net,East,2025-01-28
C00681,Dana Horne,xjimenez@example.net,Central,2023-02-22
C00682,Timothy Williamson,christopherwilliams@example.org,North,2023-03-08
C00683,William Rubio,felicia40@example.org,Central,2024-03-29
C00684,Paul Smith,clarkjesse@example.org,North,2023-07-13
C00685,Ms. Amanda Stewart MD,aaronbarnes@example.net,East,2022-03-22
C00686,Kenneth Johnson,wilsonerika@example.org,Central,2021-05-14
C00687,Robert Ramirez Jr.,skey@example.org,West,2022-11-04
C00688,Cody Romero,wrightbrooke@example.net,East,2024-12-17
C00689,James Valenzuela,ijohnson@example.com,North,2021-05-30
C00690,Raymond Lara,shuynh@example.com,Central,2021-06-01
C00691,Danielle Harrison,chrisknight@example.org,East,2025-01-16
C00692,Dalton Turner,scarrillo@example.org,North,2024-12-19
C00693,Robert Moore,smithbrian@example.org,West,2023-06-12
C00694,Jeremiah Weeks,cowankimberly@example.com,West,2022-07-05
C00695,Michele Flores,joseph22@example.com,North,2022-07-27
C00696,Lisa Jones,cobbkyle@example.com,West,2021-06-14
C00697,Michael Campbell,ruizwendy@example.net,East,2023-06-22
C00698,Elizabeth Baker,rcobb@example.net,West,2024-11-17
C00699,Karen Fleming,caseychristopher@example.net,South,2022-02-05
C00700,Joshua Gray,mitchellsamantha@example.net,West,2025-04-07
C00701,Emily Hernandez,katherinemcclure@example.org,South,2025-04-16
C00702,Marie Torres,wrodriguez@example.net,Central,2024-08-27
C00703,Matthew Cooke,wigginsbruce@example.com,East,2024-10-06
C00704,Erika Haynes,leslie68@example.org,Central,2022-09-06
C00705,Sean Mills,kennethrichards@example.org,Central,2023-06-21
C00706,Jose Koch,whiteeduardo@example.org,West,2024-09-14
C00707,Jason Perry,randysmith@example.org,West,2022-07-03
C00708,Teresa Miller,nathanielgalvan@example.org,West,2022-07-10
C00709,Jillian King,jonesveronica@example.org,Central,2022-03-07
C00710,Jacob Ward,jessica53@example.com,East,2022-08-18
C00711,Oscar Jones,hesterpaul@example.net,East,2022-10-11
C00712,Lisa Zhang,jpena@example.com,South,2024-05-23
C00713,Pamela Smith,grayjames@example.org,North,2024-04-27
C00714,Ian Nunez,gibsonbarbara@example.org,East,2025-03-06
C00715,Derek Clark,francisco48@example.net,West,2025-03-17
C00716,Amanda Fields,courtneybright@example.org,South,2022-05-13
C00717,Sonya Kelley,reginaldunderwood@example.com,West,2024-10-08
C00718,Robert Miller,twells@example.com,Central,2024-06-06
C00719,Daniel Morales,stacyhernandez@example.net,Central,2025-03-28
C00720,Norma Nolan,ayoung@example.net,West,2021-10-18
C00721,Shane Case,xadams@example.net,East,2023-05-13
C00722,Tiffany Brandt,xwilliams@example.com,North,2022-06-27
C00723,Amanda Bradford,terriadams@example.net,West,2023-03-01
C00724,Makayla Sawyer,omartinez@example.org,East,2023-03-08
C00725,Connor Green,joelthompson@example.org,South,2022-05-07
C00726,Michelle Smith,jhamilton@example.com,West,2023-01-21
C00727,Jaclyn Allen MD,rachel00@example.com,South,2021-09-01
C00728,Christian Jackson,ujackson@example.net,East,2024-10-27
C00729,Natalie Blankenship,hkelly@example.com,East,2024-06-30
C00730,Jorge Garcia,gstewart@example.net,East,2022-03-01
C00731,Carrie Sanchez,ebaxter@example.org,East,2022-10-11
C00732,Scott Robinson,nathan98@example.org,Central,2022-10-12
C00733,Shelby Thompson,cassandragarrett@example.com,East,2023-07-07
C00734,Zachary Rodriguez MD,agreer@example.net,Central,2023-10-04
C00735,Kaitlyn Miller,william27@example.com,North,2022-01-13
C00736,Christopher Brown,timothyowens@example.net,Central,2021-06-13
C00737,Joanna Phillips,rivaskristin@example.com,South,2024-07-12
C00738,April Henry,pamela86@example.org,North,2021-04-30
C00739,Cody Smith,fchristensen@example.net,South,2023-05-02
C00740,Samantha Bailey,hhowe@example.org,West,2024-03-01
C00741,Caitlin Conway,jennifer81@example.net,West,2022-05-25
C00742,Amber Barnett,matthewsedward@example.net,Central,2022-09-14
C00743,Bobby Lewis,hwilliams@example.org,South,2022-12-04
C00744,Tiffany Johnson,laralaura@example.net,West,2022-02-17
C00745,Robert Sullivan,taylor53@example.com,West,2021-05-22
C00746,Peter Hoover,alexisjensen@example.org,West,2022-08-15
C00747,Sarah Cunningham,johnmoreno@example.com,North,2022-07-19
C00748,Alexandria Walton,nhogan@example.com,North,2023-05-15
C00749,Maurice Davis,fergusonrebecca@example.com,East,2023-09-20
C00750,Gina Williams,jacobpreston@example.net,South,2025-02-12
C00751,Steven Dixon,malonemary@example.com,West,2024-05-03
C00752,Tiffany Rowe,walkersandra@example.net,South,2024-11-25
C00753,Jean Baxter,robert28@example.com,East,2024-01-25
C00754,Carla Jones,marco83@example.com,Central,2024-08-26
C00755,Tracy Clark,hopkinssarah@example.net,East,2021-07-31
C00756,Kari Dudley,evansheather@example.net,West,2024-07-22
C00757,Jacqueline Castro,aaron78@example.org,Central,2024-09-14
C00758,Michelle Rogers,griffinjames@example.org,Central,2024-08-14
C00759,Leslie Cooper,ashley42@example.net,East,2025-03-29
C00760,Mackenzie Smith,brittany55@example.org,West,2023-03-16
C00761,Louis Avila,ymay@example.net,Central,2024-12-27
C00762,Casey Herring,candicerose@example.org,East,2024-02-13
C00763,Lori French,randykramer@example.net,East,2021-05-09
C00764,Mr. Cory Moody,juliacummings@example.net,West,2024-03-03
C00765,Thomas Henderson,raymond25@example.com,East,2021-06-18
C00766,Tyler Brown,shannonchandler@example.org,East,2023-09-03
C00767,Brian Smith,lisadavis@example.net,East,2024-10-14
C00768,Joseph Freeman,ojackson@example.net,South,2022-11-04
C00769,Melissa Mason,acunningham@example.net,North,2022-11-18
C00770,Jeffrey Mathews,samanthaallen@example.net,South,2022-10-27
C00771,Bradley Scott,bmckee@example.com,East,2024-01-15
C00772,Alexis Martin,kenneth03@example.com,North,2022-07-19
C00773,Ian Smith,jeremy18@example.com,Central,2024-10-10
C00774,Eileen Snyder DDS,mary69@example.net,South,2023-01-16
C00775,Christopher Baker,lee48@example.org,South,2024-02-08
C00776,Linda Blanchard,qhall@example.com,South,2023-06-11
C00777,Kenneth Cook,blee@example.org,West,2025-03-25
C00778,Matthew Walsh,xgutierrez@example.org,East,2021-11-18
C00779,Felicia Edwards,christopher05@example.org,Central,2023-01-14
C00780,Angelica Rivera,lauraoconnor@example.net,Central,2022-02-02
C00781,Amy Swanson,cbennett@example.net,Central,2021-12-03
C00782,Kirk Hernandez,jcooke@example.com,East,2022-03-21
C00783,Austin Rodriguez,gloria96@example.net,North,2022-03-02
C00784,Joseph Beasley,pnorman@example.net,South,2022-12-31
C00785,Grant Williams,mclark@example.net,East,2023-07-16
C00786,Henry Brady,kellerjessica@example.org,South,2022-06-08
C00787,Jessica Lopez,katelyn58@example.com,East,2023-10-13
C00788,Christian Taylor,morrisjohn@example.com,South,2024-04-10
C00789,Kenneth Stark,youngcassie@example.org,East,2022-09-17
C00790,Gary Boyd,patrickhayes@example.net,North,2022-12-18
C00791,Randy Garcia,angela61@example.org,Central,2022-10-12
C00792,Heather Rush,davenportjacob@example.com,South,2023-03-24
C00793,Rachel Ryan,lisafrey@example.com,East,2021-08-23
C00794,Kimberly Patrick,april52@example.org,North,2024-09-09
C00795,Tiffany Moore,jenniferdurham@example.org,North,2021-05-08
C00796,Tiffany Hughes,jonesjoseph@example.net,Central,2024-07-23
C00797,Stephanie Franklin,medinakenneth@example.org,East,2021-12-11
C00798,John Luna,ann73@example.org,South,2022-09-02
C00799,Amber Rios,cpatel@example.net,West,2024-02-03
C00800,John Dixon,humphreycharlene@example.com,North,2022-08-20
C00801,Joshua Oconnor,katherineclay@example.net,North,2022-09-17
C00802,Jacqueline Hill,madelinecochran@example.net,Central,2021-10-20
C00803,Seth Johnston,rebecca93@example.org,East,2024-12-26
C00804,Justin Holder,joseph29@example.org,West,2022-08-08
C00805,Claudia Stevens,christinenewman@example.org,West,2024-11-29
C00806,Holly Rhodes,barrondavid@example.org,West,2021-07-20
C00807,Andrew Mckee,vschultz@example.net,East,2024-12-07
C00808,Mark Taylor,campbellmorgan@example.com,South,2025-01-24
C00809,William Romero PhD,kellyryan@example.org,North,2023-07-27
C00810,Michelle Spencer,trevor37@example.net,East,2022-12-18
C00811,Amber Nelson,larry60@example.org,West,2021-06-13
C00812,Elizabeth Todd,mbentley@example.com,North,2022-08-05
C00813,Andrea Porter,pagemelissa@example.org,North,2022-04-06
C00814,David Rhodes,valdezmark@example.net,West,2023-06-12
C00815,John Oconnor,grahamanthony@example.net,West,2023-11-13
C00816,Daniel Ross,michael14@example.com,North,2025-01-05
C00817,Michael Todd,clayjodi@example.com,Central,2022-11-22
C00818,Dominic Murphy,cohenbarbara@example.com,North,2025-04-13
C00819,Tara Ingram,maystheresa@example.net,South,2022-10-30
C00820,Victoria Alvarez,oholloway@example.net,South,2021-05-19
C00821,Patty Hall,simonjoanna@example.org,Central,2024-10-06
C00822,Thomas Stevenson,ltucker@example.org,East,2023-10-18
C00823,Kiara Rodriguez,johngiles@example.net,North,2024-07-20
C00824,Christine Cunningham,owilson@example.net,South,2023-11-22
C00825,Richard Giles,lindasanchez@example.net,North,2025-02-21
C00826,Lauren Kelley,vbaker@example.net,Central,2023-08-22
C00827,Brian Robertson,jillgeorge@example.org,West,2022-05-21
C00828,Paul Thomas,bryan69@example.com,Central,2023-09-16
C00829,Scott Hughes,michaelsherry@example.com,Central,2022-07-24
C00830,Kayla Odonnell,scott10@example.net,Central,2023-09-02
C00831,Sheri Barrett,carla93@example.org,South,2023-06-26
C00832,Erik White,heatherellis@example.com,Central,2021-11-06
C00833,Alison Taylor,gallagherjonathon@example.org,West,2022-11-12
C00834,Cameron Johnson,kylephillips@example.net,West,2022-03-18
C00835,Michelle Chan,anthonycollins@example.org,West,2024-04-25
C00836,Wanda Lambert,sandersjohn@example.net,East,2024-08-25
C00837,Richard Brewer,kimberlythomas@example.com,Central,2025-02-18
C00838,William Fernandez,hlewis@example.org,West,2023-12-13
C00839,Brandon Davis,lfowler@example.org,East,2023-04-25
C00840,Colin Davis,jasongray@example.com,Central,2023-07-21
C00841,Miranda Tran,charlene42@example.org,Central,2021-07-14
C00842,Michael Perez,maurice85@example.org,North,2025-04-19
C00843,Terry Zuniga,rodriguezmichael@example.net,Central,2021-09-27
C00844,Cameron Goodman,thomasanderson@example.net,North,2024-09-14
C00845,Carlos Dalton,elizabeth87@example.com,South,2023-02-03
C00846,Joshua Hill,fullertony@example.net,South,2025-04-25
C00847,Patricia Wilson,sheltonteresa@example.net,East,2024-08-01
C00848,Mary Hall,riveralatasha@example.com,North,2022-11-19
C00849,Michael Braun,cdavis@example.net,South,2023-05-08
C00850,Kari Glenn,karen91@example.net,South,2022-03-07
C00851,Dr. Paula Long,burtonsusan@example.com,South,2022-02-07
C00852,Tricia Green,nathan41@example.com,Central,2024-01-26
C00853,Jessica Johnson,anitahowe@example.com,North,2022-06-16
C00854,Andrew Cameron,andrea59@example.org,South,2024-07-30
C00855,Jeffrey Terrell,nicole63@example.org,North,2022-11-24
C00856,Willie Villarreal,jonathanwilson@example.org,West,2022-01-22
C00857,Dr. Tracy Leon DDS,villamark@example.net,West,2022-01-16
C00858,Melissa Acosta,alexanderdiane@example.com,Central,2023-10-15
C00859,Stacy Ruiz,tonyharrison@example.com,West,2023-10-13
C00860,Andrea Mcneil,vincentrodriguez@example.net,East,2023-02-10
C00861,Amy Smith,wthompson@example.net,North,2023-08-07
C00862,Ronald Hill,wendygreen@example.com,South,2024-01-29
C00863,Kathryn Williams,vperez@example.net,East,2022-11-08
C00864,Pamela Johnson,ugriffin@example.net,East,2024-12-08
C00865,Michael Quinn,gonzalezdavid@example.net,West,2022-09-01
C00866,Steven Friedman,larrycarlson@example.net,North,2022-10-16
C00867,Steven Green,morenoluis@example.net,South,2022-01-19
C00868,Amy Garcia,syork@example.net,East,2023-07-04
C00869,Nathaniel Morris,bwilson@example.com,Central,2023-12-17
C00870,Joseph Villegas,roger59@example.net,South,2024-07-14
C00871,Karen Tucker,hardingmichael@example.net,West,2024-07-28
C00872,Brian Hunt,ijennings@example.net,North,2022-01-22
C00873,Brent Daniel,emcguire@example.org,Central,2024-07-14
C00874,Matthew Miller,cheryl26@example.org,South,2024-03-11
C00875,Michael King,qgibbs@example.org,South,2024-05-20
C00876,Julia Craig,christopherjenkins@example.com,East,2021-11-22
C00877,Brittney Jones,anthonykelley@example.net,South,2023-02-15
C00878,Mike Morris,smithjessica@example.com,North,2022-12-26
C00879,Whitney Cunningham,tiffany50@example.com,North,2022-10-07
C00880,Joshua Alvarado,amandapeters@example.com,South,2021-07-17
C00881,Stacy Mejia,raymondlowe@example.com,East,2023-02-23
C00882,Anthony Hunt,mclayton@example.com,Central,2025-02-06
C00883,Joanna Floyd,tfigueroa@example.net,Central,2022-10-22
C00884,Brandon Marshall,marc11@example.com,East,2025-01-26
C00885,Paula Smith,christine08@example.org,West,2022-03-25
C00886,Erin Thomas,krystal80@example.org,North,2022-01-15
C00887,Megan Blackwell,michaelcox@example.com,West,2023-06-25
C00888,Collin Cochran,shannon82@example.net,East,2024-05-21
C00889,David Roberts,pamelamorris@example.net,West,2023-05-19
C00890,Veronica White,joseph05@example.org,East,2023-11-04
C00891,Margaret Johnson,sergiomay@example.com,Central,2025-03-28
C00892,Katrina Salazar,terrijohnson@example.org,Central,2025-01-27
C00893,Jessica Black,yhall@example.org,West,2022-05-13
C00894,Eric Jackson,derekgoodwin@example.com,West,2024-04-26
C00895,Amanda Bernard,trevor72@example.net,North,2022-10-14
C00896,Amanda Jordan,amyneal@example.org,Central,2021-05-30
C00897,James Curtis,cnewman@example.net,North,2022-10-01
C00898,Kristina Walsh,harriscarol@example.com,West,2022-04-28
C00899,Adriana Robbins,debra68@example.net,East,2022-09-10
C00900,Curtis Wilson,robertscody@example.net,Central,2023-10-23
C00901,Roger Price,armstrongronald@example.com,East,2022-02-15
C00902,Troy Williams,kylie59@example.net,North,2021-06-20
C00903,Joseph Beard,hensleybryan@example.net,North,2024-02-23
C00904,Darrell Thompson,scott32@example.org,South,2024-05-09
C00905,Chad Thompson,williampowell@example.com,Central,2021-08-20
C00906,Todd Sanchez,wrussell@example.org,Central,2022-06-10
C00907,Dakota Edwards,brandon77@example.org,North,2024-12-08
C00908,Kara Wheeler,twalker@example.net,East,2022-01-25
C00909,Jack Perez,jameswhite@example.org,Central,2024-03-12
C00910,Jesus Frazier,floresbrandon@example.net,North,2021-08-11
C00911,Eric Dunlap,meganbryant@example.com,South,2023-06-11
C00912,Jimmy Duke,amberoliver@example.org,West,2023-03-19
C00913,Stephanie Levy,theresawhite@example.net,Central,2023-03-29
C00914,Tammy Terry,dbecker@example.org,West,2023-02-26
C00915,Courtney Thompson,christopher11@example.net,East,2022-10-14
C00916,Samantha Ramsey,haileyreeves@example.com,South,2024-06-14
C00917,Michael Gallegos,cartersarah@example.net,Central,2021-06-15
C00918,John Nguyen,rgraham@example.org,West,2023-11-17
C00919,Tristan Lewis,olivia98@example.net,West,2022-04-29
C00920,Matthew Carroll,uwilliams@example.net,North,2024-01-02
C00921,Matthew Burgess,patricia08@example.com,West,2022-05-31
C00922,Kelly Zavala,pdavis@example.org,East,2025-03-30
C00923,Thomas Boyle,cynthia31@example.com,West,2021-12-24
C00924,Alexander Mooney,ubrown@example.com,East,2023-04-25
C00925,George Smith,eanderson@example.com,East,2024-11-04
C00926,Carla Orr,wilsonjill@example.org,North,2021-10-07
C00927,Eric Davidson,ehooper@example.org,South,2022-06-16
C00928,Kelsey Brown,traceymarshall@example.com,East,2022-06-16
C00929,Hayley Graves,kathryn49@example.net,West,2021-10-15
C00930,Scott Boone,scottobrien@example.org,West,2023-10-15
C00931,Ryan Francis,natashaturner@example.net,East,2022-06-04
C00932,Victor Lewis,ncook@example.org,West,2024-05-16
C00933,Jeffrey Hensley,kevin54@example.com,Central,2024-09-12
C00934,Jennifer Cook,chill@example.net,North,2023-03-08
C00935,Chad Costa,andrew01@example.net,West,2024-05-03
C00936,Mrs. Jacqueline Sims,janicemann@example.com,North,2021-07-11
C00937,Emily Castillo,nicholas26@example.com,East,2022-05-05
C00938,Nancy Thomas,danieljones@example.net,East,2022-01-12
C00939,Shane Cowan,holly96@example.net,East,2021-11-01
C00940,Alan Mullins,valdezpamela@example.com,North,2023-02-16
C00941,Steven Johnston,michelesweeney@example.org,West,2024-05-20
C00942,Hunter Knox,hillmatthew@example.net,Central,2022-05-13
C00943,Christopher Gallegos,cbrown@example.org,North,2022-04-18
C00944,Steven Ferguson,williamssean@example.net,Central,2024-05-31
C00945,Bradley Wolfe,rmartin@example.org,West,2021-09-21
C00946,Thomas Williams,brenda82@example.com,West,2021-07-07
C00947,Stephen Hughes,urosario@example.org,North,2024-07-17
C00948,Wendy Walker,robert11@example.org,South,2021-12-29
C00949,Richard Sparks,egonzalez@example.com,Central,2023-03-14
C00950,Chad Perkins,heidirobles@example.net,East,2025-02-05
C00951,Jordan Taylor,murrayjason@example.net,Central,2023-05-18
C00952,Walter Morgan,brenda01@example.net,West,2021-06-11
C00953,Matthew Burton,amber07@example.net,West,2021-08-21
C00954,Thomas Soto,michael94@example.com,North,2022-07-20
C00955,Diana Brooks,rodriguezcrystal@example.net,South,2023-09-14
C00956,Erin Ford,parkerjulia@example.com,East,2023-09-03
C00957,Samantha Snyder,cynthiagraham@example.org,Central,2021-12-31
C00958,Charles Wilson,chandlerkathleen@example.org,South,2023-05-27
C00959,Joseph Ritter,matthewweaver@example.org,East,2023-05-17
C00960,David Peck,ihernandez@example.com,West,2024-04-04
C00961,Zachary Brown,dlee@example.com,West,2021-07-11
C00962,Joshua Calhoun,ryan27@example.net,North,2023-07-02
C00963,Kevin Casey,ksmith@example.com,North,2022-12-29
C00964,Michelle Fleming,charlesstark@example.com,Central,2022-11-12
C00965,Kristen Goodman,ndavis@example.com,South,2024-03-15
C00966,Mary Jarvis,kayla40@example.net,South,2025-03-17
C00967,Mark Martin,nhernandez@example.net,East,2023-11-28
C00968,Nicole Henderson,joshuaevans@example.org,Central,2023-02-08
C00969,Taylor Wilson,sarah49@example.com,North,2023-12-19
C00970,Trevor Parks,josephmichael@example.org,Central,2024-05-31
C00971,Matthew Chandler,henry15@example.net,West,2024-01-06
C00972,Katherine Saunders,lawrence18@example.com,North,2025-02-12
C00973,Crystal Lopez,clementschristopher@example.org,South,2025-01-01
C00974,David Johnson,bcoleman@example.net,North,2024-02-06
C00975,Vanessa Zuniga,elaine80@example.com,West,2025-02-24
C00976,Dylan Aguilar,douglas84@example.org,North,2022-07-20
C00977,Michael Parker,derrick28@example.net,South,2022-08-05
C00978,Dr. Benjamin Briggs DDS,samanthapittman@example.net,West,2022-05-05
C00979,Pamela Rogers,qhoover@example.net,East,2025-04-25
C00980,Johnny Kelley,tiffany23@example.org,Central,2024-11-18
C00981,Tami Wolf,chapmanmichael@example.org,East,2022-07-28
C00982,Justin Gutierrez DDS,brandy49@example.net,West,2025-01-08
C00983,Robert Hayes,tylerpierce@example.com,West,2022-01-23
C00984,Daniel Roberts,michael78@example.org,West,2024-03-26
C00985,Ryan Matthews,monica42@example.org,South,2024-05-12
C00986,Kevin Moore,ashleyzimmerman@example.org,West,2024-02-07
C00987,Timothy Smith,ebrown@example.org,Central,2025-03-02
C00988,Alexander Cline,adamforbes@example.org,South,2021-07-02
C00989,Curtis Leon,mckinneysusan@example.com,West,2024-02-02
C00990,Laura Medina,troy56@example.com,South,2023-07-03
C00991,Travis Johnson,dhines@example.com,Central,2023-01-21
C00992,Ronald Myers,johnwilson@example.org,Central,2022-03-22
C00993,Margaret Richardson,hyates@example.org,South,2023-12-16
C00994,Nathan Braun,ronaldrobertson@example.net,North,2023-01-06
C00995,Jeffrey Lambert,brittanywalker@example.net,East,2022-01-30
C00996,Erik Sanford,jeff87@example.net,West,2021-05-09
C00997,Patrick Ramos,xjones@example.org,East,2024-12-06
C00998,Mr. Michael Brooks Jr.,brownvanessa@example.net,Central,2022-07-09
C00999,Nicole Mcintosh,ytorres@example.org,East,2022-12-26
C01000,Troy Booker,keithrichards@example.org,North,2024-11-25
C01001,Thomas Thompson,mitchellgonzalez@example.com,East,2021-07-05
C01002,Gerald Gonzalez,frankshaw@example.net,East,2021-11-20
C01003,Tamara Fields,cynthia93@example.com,Central,2024-09-09
C01004,Willie Cohen DDS,mooreyvette@example.com,Central,2024-05-16
C01005,Kristina Harrison,william84@example.net,West,2023-12-18
C01006,Audrey Rice,sclay@example.net,South,2023-10-16
C01007,Shannon Bautista,lloydpamela@example.org,West,2024-07-19
C01008,Mr. Matthew Taylor,brightandrew@example.net,Central,2023-10-20
C01009,Joseph Miller,rachellawson@example.net,West,2025-04-14
C01010,William Adams,bryantsamantha@example.com,East,2022-10-16
C01011,Rachel Navarro,hnguyen@example.org,East,2022-10-07
C01012,Jennifer Poole,barbarahill@example.org,Central,2022-07-03
C01013,Julie Gonzalez,utorres@example.com,Central,2024-05-13
C01014,Ashley Alexander,hallcatherine@example.org,West,2023-02-28
C01015,Anthony Smith,gregoryharrison@example.net,West,2024-10-04
C01016,John Kennedy,angeladavis@example.com,East,2024-06-16
C01017,Rachel Scott,carlablack@example.com,South,2024-05-07
C01018,Gregory Davis,ashley21@example.com,South,2024-06-22
C01019,Kimberly Cannon,danaroberts@example.net,Central,2022-03-03
C01020,Derrick Page DDS,sarah83@example.net,West,2022-11-08
C01021,Johnny Myers,rpeterson@example.com,South,2021-04-29
C01022,Robert Barnes,juan60@example.org,West,2021-08-24
C01023,Edward Davidson DDS,samanthagraham@example.net,North,2023-09-02
C01024,Jennifer Lopez,maynardcameron@example.org,East,2021-09-23
C01025,Rita Wiley,thomaspedro@example.org,West,2023-04-19
C01026,Tammy Cox,angelaclark@example.org,West,2022-11-24
C01027,Christine Robinson DVM,olivia65@example.net,West,2021-07-03
C01028,Lori Walker,lwelch@example.com,South,2024-09-16
C01029,Justin Jackson,georgealexandria@example.com,West,2022-09-15
C01030,Jennifer Pittman MD,icastaneda@example.org,North,2023-10-14
C01031,Alexa Maynard,ryanmisty@example.com,South,2025-03-31
C01032,Kevin Hill,mmoore@example.com,Central,2022-08-08
C01033,Kristin Garcia,gchavez@example.net,Central,2024-08-13
C01034,Marc Schmidt,courtney99@example.org,East,2023-10-20
C01035,Brianna Hamilton,jonesdiane@example.com,North,2023-03-28
C01036,Lori Hawkins,erin01@example.org,West,2023-02-22
C01037,Brandon Lam,wendyolsen@example.org,North,2023-02-24
C01038,Tiffany Lowe,ryanbrown@example.com,Central,2023-10-22
C01039,Roy Smith,morgandonna@example.org,West,2021-10-12
C01040,Regina Martinez,gschwartz@example.com,North,2024-10-20
C01041,Mary Garcia,dyoung@example.com,South,2025-02-25
C01042,James Kaufman,michaeljohnson@example.com,West,2024-06-03
C01043,Jessica Watts,cmccoy@example.com,South,2024-04-30
C01044,Jennifer Robinson,terrance32@example.net,North,2022-05-09
C01045,Kimberly Chen,deannacarter@example.org,West,2021-07-10
C01046,Tammy Thomas,morrisonbrandon@example.org,East,2022-10-17
C01047,Tiffany Ruiz,burgesscatherine@example.com,East,2024-10-14
C01048,Timothy Ellis,ashley23@example.org,Central,2023-09-27
C01049,Tracy Palmer,mary60@example.org,West,2022-02-27
C01050,Corey Castaneda,sellison@example.com,North,2022-10-15
C01051,Tyler White,anna86@example.com,East,2023-06-13
C01052,Fred Nguyen,tina34@example.com,Central,2021-08-14
C01053,Eric Schneider,tcrawford@example.org,West,2022-10-19
C01054,Shelly George,nicolelowery@example.net,East,2022-03-04
C01055,Emily Bates,morgan18@example.net,West,2023-09-26
C01056,Ashley Mcconnell,qbrown@example.com,Central,2024-11-20
C01057,Andrew Hall,butlergina@example.com,North,2022-03-02
C01058,Amber Barnett,porterjose@example.com,Central,2022-04-30
C01059,Robert Contreras,clarkgregory@example.net,North,2021-06-18
C01060,Austin Torres DVM,sheppardmichelle@example.net,South,2021-11-17
C01061,Gina Smith,john15@example.com,East,2024-08-31
C01062,Douglas Roth,christinemason@example.net,South,2025-01-06
C01063,Dawn Jackson,brianna23@example.net,North,2022-01-16
C01064,Christopher Johnson,fmartin@example.org,West,2025-01-16
C01065,Allison Stevens,sue41@example.com,North,2025-01-13
C01066,Bradley Mueller,jrowe@example.net,North,2022-02-27
C01067,Johnny Archer,brenda04@example.net,West,2024-07-03
C01068,Brian Cook,olsonphilip@example.org,South,2023-07-02
C01069,Francis Snyder,bradleyjoshua@example.org,East,2022-12-09
C01070,Stephanie Rodriguez,hollyrivera@example.net,North,2022-12-16
C01071,Ian Taylor,victor49@example.net,North,2022-09-29
C01072,Cody Barajas,joseph76@example.net,East,2022-10-12
C01073,Brittany Armstrong,hbennett@example.net,North,2024-01-08
C01074,Luis Gomez,gina45@example.org,East,2022-01-26
C01075,Matthew Arellano,joseph48@example.net,East,2021-05-31
C01076,Linda Olson,teresa13@example.net,East,2021-05-20
C01077,Mr. Robert Mahoney,wjohnson@example.org,West,2025-04-12
C01078,Anna Hobbs,vreynolds@example.com,South,2024-11-11
C01079,Mark Brown,michael11@example.net,South,2022-02-07
C01080,Edward Wilson,kaylacantu@example.com,Central,2022-09-20
C01081,William Boyle,steve13@example.org,West,2024-03-24
C01082,Patrick Mays,xwood@example.net,Central,2022-09-10
C01083,Hannah Morgan,dennisklein@example.org,South,2024-10-08
C01084,James Thompson,nataliemason@example.net,South,2024-02-24
C01085,Shannon Garcia,carternancy@example.com,South,2024-11-27
C01086,Rebekah Drake,ryanmitchell@example.org,North,2023-01-30
C01087,Christopher Gay,kellyanthony@example.net,Central,2024-03-11
C01088,Nancy Garcia,ilambert@example.org,West,2024-03-20
C01089,Mathew Carlson,jordan91@example.net,Central,2023-04-20
C01090,Jose Greene,christinagreene@example.org,South,2024-01-02
C01091,Theresa Collins,barnettnoah@example.org,West,2022-04-08
C01092,Brenda Brandt,pottsmathew@example.net,Central,2023-10-11
C01093,Jonathan Cameron,stevengould@example.org,South,2024-05-19
C01094,Adam Mueller,weavermicheal@example.net,South,2023-03-09
C01095,Maria Harris,ericwells@example.net,West,2023-03-25
C01096,Jason Reid,garciajordan@example.com,East,2023-02-13
C01097,Bradley Aguilar,bortega@example.net,West,2023-09-27
C01098,Benjamin Owens,briancook@example.org,East,2024-06-14
C01099,Robert Frazier,cynthia84@example.net,North,2022-04-15
C01100,Sharon Miller,leslieford@example.net,West,2025-01-11
C01101,Edward Hammond,melinda98@example.org,East,2023-06-22
C01102,Kevin Pollard,greenesarah@example.org,Central,2022-05-10
C01103,Brittany Mcintosh,maryperez@example.org,South,2022-05-10
C01104,Lauren Lee,tonimckay@example.com,North,2022-01-21
C01105,Hector Wright,joycebaker@example.org,West,2021-12-16
C01106,William Rodriguez,mwhite@example.net,East,2024-08-06
C01107,Susan Walker,ymathis@example.net,Central,2024-04-05
C01108,Christopher Campos,brianroberts@example.com,East,2023-05-24
C01109,Daniel Lewis,christian27@example.com,West,2023-11-25
C01110,Jennifer Richards,dyerclifford@example.net,East,2021-09-16
C01111,Jeffrey Smith,rebecca63@example.net,West,2023-12-26
C01112,Vernon Clark,valenzuelasarah@example.net,East,2023-04-01
C01113,Clifford Daniel,natasha53@example.org,South,2023-04-02
C01114,Teresa Jones,kelseyroberts@example.org,West,2021-09-30
C01115,Vernon White,vcummings@example.net,West,2023-01-16
C01116,Linda Willis,grantnicholas@example.org,North,2023-01-29
C01117,John Carter,penny21@example.net,South,2022-10-09
C01118,Cindy Perez MD,jwerner@example.org,West,2022-07-12
C01119,Judith Ortiz,brian80@example.net,Central,2022-06-06
C01120,Danny Johnson,mgonzales@example.com,East,2024-10-31
C01121,Matthew Martin,jennifer14@example.com,Central,2021-12-22
C01122,Brian Davis,kristinapena@example.org,East,2021-10-06
C01123,Patricia Bell,djohnson@example.com,East,2024-10-29
C01124,Erica Thompson,comptondesiree@example.org,North,2022-12-02
C01125,Natasha Phelps,kelly54@example.org,West,2022-09-06
C01126,Tara Ramirez,sherry20@example.com,East,2023-11-18
C01127,Mary Hodges,bryantjohn@example.org,North,2023-09-25
C01128,Matthew Mullins,jason90@example.net,Central,2022-05-08
C01129,Joseph Hudson,willisandrea@example.org,North,2025-02-27
C01130,Michael Black,simpsonpatricia@example.org,Central,2023-10-31
C01131,Scott Rogers,patrick29@example.org,West,2021-10-19
C01132,Herbert Greene,kathleen13@example.org,East,2022-10-14
C01133,Christopher Abbott,ocollins@example.org,South,2022-09-09
C01134,Sabrina Jones,brandi74@example.com,Central,2021-08-17
C01135,Jennifer Jones,mwhitaker@example.com,East,2022-07-28
C01136,Roger Mccoy,jyoung@example.net,South,2023-03-14
C01137,Kendra Arias,tpaul@example.net,South,2024-08-24
C01138,Daniel Mercer,bsanders@example.com,Central,2022-03-25
C01139,Gina Myers,braunhailey@example.net,East,2021-11-05
C01140,Jeffrey Fuller,echambers@example.org,South,2021-07-29
C01141,Alexander Mills,angela10@example.net,North,2023-07-18
C01142,Michelle Wilson,kerrymartinez@example.com,North,2023-05-09
C01143,Angela Jones,bcannon@example.org,East,2023-04-13
C01144,Ashley Henry,xwilson@example.net,West,2024-04-03
C01145,Kristin Williams,floresmaurice@example.org,North,2022-12-27
C01146,Lisa Moody,josephduncan@example.org,Central,2021-09-04
C01147,Joshua Munoz,erin06@example.org,East,2021-07-28
C01148,Kimberly Allen,wscott@example.net,South,2021-09-10
C01149,Joseph Owen,ericksonmichael@example.com,North,2022-05-30
C01150,Sara Boone,steven16@example.com,East,2021-12-24
C01151,Debra Leonard,christopherrodriguez@example.org,East,2022-05-21
C01152,Nicholas Blake,davidhensley@example.net,West,2023-08-30
C01153,Christina Williams,rebecca55@example.com,South,2023-11-30
C01154,Teresa Brown,wgonzalez@example.net,South,2024-10-13
C01155,Jorge Evans,rodriguezdylan@example.org,South,2022-02-03
C01156,Ronald Delgado,gravesanthony@example.net,Central,2021-11-17
C01157,Travis Chavez,donald21@example.com,East,2023-03-19
C01158,Christy Jackson,christopher46@example.com,Central,2021-09-28
C01159,Susan Miller,scottcarroll@example.net,Central,2021-12-24
C01160,Lisa Summers,carrie39@example.org,East,2021-07-03
C01161,Danielle Higgins MD,stephanie65@example.org,South,2021-07-02
C01162,Kimberly Jones,daniel74@example.org,East,2022-03-29
C01163,Jennifer Chambers,eugene62@example.com,West,2024-07-24
C01164,Heidi Orr,leslie82@example.net,East,2022-12-11
C01165,Travis Moreno,ericsmith@example.com,East,2023-05-06
C01166,Rebecca Bridges,rmurphy@example.com,North,2023-11-13
C01167,Jessica Harris,williamserin@example.net,West,2023-10-17
C01168,Alyssa Montgomery,williamjames@example.org,North,2023-02-09
C01169,Roberta Richards,vrhodes@example.org,South,2024-02-23
C01170,Heather Peterson,ayersjack@example.org,South,2023-01-10
C01171,Stephanie Richardson,jasonward@example.com,West,2024-01-02
C01172,Amanda Rivers,njohnson@example.com,Central,2023-03-18
C01173,Kenneth Ali,shawstacey@example.com,East,2022-07-17
C01174,Christopher Michael,wberry@example.com,North,2023-10-03
C01175,Claudia Franco,heather70@example.com,West,2024-03-10
C01176,Jose Perry,gonzalezrebecca@example.net,North,2023-03-10
C01177,Karen Ryan,sandersamanda@example.org,East,2022-08-16
C01178,Phillip Gibson,debra12@example.com,Central,2025-01-12
C01179,Roger Eaton,daniel65@example.com,North,2021-05-18
C01180,Melissa Long,oshah@example.net,West,2024-08-21
C01181,Daniel White,jon42@example.net,East,2025-04-20
C01182,Joseph Anderson,christopher48@example.net,East,2024-01-10
C01183,Alicia Prince,kerry10@example.org,Central,2023-07-07
C01184,Kathleen Gaines,alejandrowalker@example.net,West,2022-03-19
C01185,Jennifer Snyder,paul58@example.org,East,2025-04-06
C01186,Alice Cole,joshuadonovan@example.net,North,2023-08-23
C01187,Lindsay Hubbard,michaelsaunders@example.org,South,2023-01-13
C01188,Elizabeth James,davidbraun@example.net,West,2021-07-28
C01189,Joseph Daniels,terry49@example.org,North,2023-09-24
C01190,Jimmy Wells,coleerin@example.net,Central,2022-08-22
C01191,Tara Cox,ugonzalez@example.net,Central,2024-01-09
C01192,Derek English,hjuarez@example.com,East,2022-06-26
C01193,Randall Shannon,chelseytaylor@example.net,Central,2023-12-23
C01194,Christopher Rodriguez,jennifersosa@example.net,South,2023-01-29
C01195,Jennifer Curtis MD,fwatson@example.org,North,2023-06-08
C01196,Debra Martinez,larry68@example.com,West,2024-12-24
C01197,Christopher Rojas,schultzdustin@example.com,East,2022-02-05
C01198,Michael Moore,christopherclements@example.com,West,2024-09-11
C01199,Rachel Chen,hansenjustin@example.org,North,2024-10-31
C01200,Connie Gray,jacobwilliams@example.org,South,2023-03-31
C01201,Michele Anderson,elizabethsmith@example.org,North,2023-02-10
C01202,Morgan Allen,zwilson@example.com,North,2024-11-21
C01203,Nathan Kennedy,vhall@example.net,East,2023-12-28
C01204,James Young,andersonbrent@example.org,West,2022-01-10
C01205,Allen Wright,lisadavis@example.org,North,2022-09-02
C01206,Lori Coleman,stephanie60@example.org,North,2023-11-28
C01207,Roberto Jackson,carol64@example.org,South,2023-05-05
C01208,Matthew Crawford,hayeschristina@example.com,Central,2021-05-26
C01209,Christopher Weber,plewis@example.com,South,2023-01-16
C01210,Timothy Williams,rhondahoover@example.com,West,2023-04-25
C01211,Brandon Fletcher,blairashley@example.net,West,2022-09-04
C01212,Shane Middleton,dickersonstephen@example.net,East,2024-11-25
C01213,Bradley Hudson,pattonvincent@example.com,Central,2024-07-08
C01214,Tina Koch,monicajones@example.net,West,2021-06-22
C01215,Michelle Herman,hbooth@example.org,Central,2021-08-02
C01216,Kevin Snyder,richardreyes@example.net,South,2024-02-17
C01217,Paul Green,angela92@example.com,West,2022-09-10
C01218,Anita Caldwell,kayla72@example.org,North,2024-12-17
C01219,Lisa Shah,walvarez@example.net,West,2024-10-01
C01220,John Williams,renee84@example.net,Central,2024-10-03
C01221,Lisa Walker,nathanielpope@example.com,West,2021-09-15
C01222,Amy Whitaker,heather93@example.com,East,2022-02-10
C01223,Hannah Weaver,alexandra00@example.net,North,2023-11-27
C01224,Monica Obrien,matthew34@example.org,East,2023-10-03
C01225,Christopher Bentley,ashleydiaz@example.com,South,2022-01-02
C01226,Amy Rodriguez,melissa77@example.net,West,2024-11-17
C01227,Natalie Rivera,steven44@example.com,West,2023-08-29
C01228,Austin Merritt,alexanderdustin@example.org,South,2023-08-16
C01229,Angela Mcbride,fernandezevelyn@example.org,East,2024-09-10
C01230,Sean Craig,darinbrooks@example.com,North,2025-03-29
C01231,Brittany Rogers,brookefreeman@example.net,East,2021-12-08
C01232,Amy Anderson,mclaughlinbenjamin@example.com,Central,2023-02-08
C01233,Lisa Burton,pamela00@example.org,East,2023-02-21
C01234,Randall Andrews,sandra70@example.net,North,2025-02-25
C01235,Catherine Mckenzie,leslie24@example.org,West,2021-08-30
C01236,Zachary Jenkins,autumn83@example.net,East,2023-09-25
C01237,Suzanne Bennett,barajascrystal@example.org,South,2024-05-22
C01238,Theresa Miller,yanderson@example.com,North,2023-02-06
C01239,Alexander Williams,elizabethferguson@example.net,West,2021-07-03
C01240,James Castillo,kelly28@example.net,North,2022-11-17
C01241,Charles Reed,joseph53@example.com,South,2021-10-02
C01242,Lauren Dawson,westjessica@example.com,Central,2024-12-28
C01243,Lisa Lewis,townsendrobin@example.org,North,2023-03-22
C01244,Kathryn Nichols,kennethcannon@example.net,North,2023-09-05
C01245,Lorraine Walker,caitlinbarber@example.org,East,2023-12-26
C01246,Matthew Blanchard,odonnelljennifer@example.net,South,2023-11-04
C01247,Jean Roberts,acook@example.com,South,2021-08-10
C01248,Sarah Patel DVM,kelleytristan@example.com,Central,2024-05-15
C01249,Adrienne Butler,andrewdavis@example.net,South,2025-04-21
C01250,Christopher Ferguson,drakeerin@example.org,North,2025-04-19
C01251,Ariel Casey,chrisjackson@example.com,Central,2024-11-19
C01252,Dominic Casey,kimberlycabrera@example.net,South,2022-01-30
C01253,Ronald Evans,sharon32@example.org,Central,2024-07-26
C01254,Jay Manning,eduardo91@example.net,South,2024-09-04
C01255,Erin Cortez,millsconnie@example.net,South,2023-05-08
C01256,Kimberly Brown,tarahill@example.net,East,2022-10-23
C01257,Patrick Parker,angelica05@example.net,South,2025-02-17
C01258,Joel Hernandez,andreacabrera@example.com,Central,2024-04-27
C01259,Emily Ward,davidruiz@example.net,North,2022-02-22
C01260,Brian Taylor,laurenward@example.org,East,2024-11-14
C01261,Carlos Mccarthy,michaelmyers@example.org,South,2022-03-17
C01262,Sheila Daugherty,antoniomays@example.com,South,2021-09-05
C01263,Robin Johnson,ryanmcfarland@example.net,Central,2022-01-09
C01264,Gregory Olson,amypeterson@example.org,East,2025-03-23
C01265,Gary Swanson,robert74@example.org,South,2022-07-19
C01266,Lynn Schneider,paynejulie@example.net,North,2023-12-27
C01267,Jeffrey Whitney,sheena61@example.net,North,2022-08-11
C01268,James Melton,eric28@example.org,South,2022-11-15
C01269,Jennifer Thomas,jennifer65@example.net,North,2021-11-27
C01270,Raymond Phillips,michelledeleon@example.net,East,2024-01-28
C01271,Debra Haas,deborahvelez@example.net,South,2023-12-09
C01272,Jon Anderson,melendezjennifer@example.net,Central,2024-10-17
C01273,Carrie Hoffman,ryanmartinez@example.org,East,2022-01-11
C01274,Tricia Sullivan,cordovanicholas@example.com,North,2023-09-02
C01275,Troy Pierce,fergusonjoseph@example.org,South,2022-08-03
C01276,Duane Willis,ycarney@example.net,East,2021-06-13
C01277,Michael Foster,rellis@example.net,North,2022-02-09
C01278,Joseph Fernandez,kylie36@example.com,South,2022-05-08
C01279,Dominic Bailey,anasanders@example.com,West,2022-11-09
C01280,Dr. Mary Baker,christinamartinez@example.org,Central,2023-07-22
C01281,Leonard Obrien,hforbes@example.org,North,2023-03-15
C01282,William Watson,omassey@example.com,North,2022-01-09
C01283,Hannah Cruz,gallaghersamantha@example.org,West,2024-09-10
C01284,Gabriel Nichols,ppoole@example.net,West,2024-05-17
C01285,Todd Greene,ochoi@example.com,East,2023-03-14
C01286,Daniel Gutierrez,kyle94@example.com,Central,2023-04-16
C01287,Justin Brown,troberts@example.net,Central,2025-03-05
C01288,Dr. Michael Schmidt DDS,adam70@example.org,North,2022-07-16
C01289,Heather Thompson,nathan82@example.com,West,2024-01-06
C01290,Eric White,vgomez@example.net,Central,2022-08-18
C01291,Tiffany Tate,psmith@example.com,South,2024-09-25
C01292,Paula Singh,kimberly49@example.org,Central,2023-10-16
C01293,Daniel Cervantes,garrisoncindy@example.com,North,2024-06-16
C01294,Curtis Gilbert,chad99@example.org,Central,2024-03-01
C01295,Robert Singleton,tiffany46@example.com,East,2021-06-11
C01296,Melanie Armstrong,riceanthony@example.net,West,2025-02-26
C01297,Christopher Dean,brittany62@example.com,North,2022-02-21
C01298,Jorge Marshall,jose07@example.com,North,2024-12-09
C01299,Jamie Hart,brittanymills@example.com,West,2022-11-07
C01300,Eugene Hayes,nstewart@example.com,West,2023-10-13
C01301,Nicholas Garcia,jillianbrown@example.net,West,2022-04-22
C01302,Brian Mooney,rogersrobin@example.com,North,2021-12-22
C01303,Cody Pierce,lisacole@example.com,West,2022-09-19
C01304,Jason Smith,tony00@example.com,West,2021-12-04
C01305,Mr. John Hodges,igarcia@example.com,North,2022-01-31
C01306,Heather Johnson,apowers@example.org,North,2024-01-05
C01307,Amanda Preston,vatkinson@example.com,East,2024-08-21
C01308,Madeline Carter,jacksoncameron@example.org,Central,2024-05-06
C01309,Michael Rivera,baileyjason@example.net,South,2024-12-24
C01310,Jennifer French,ujohnson@example.org,North,2024-02-26
C01311,Kayla Pacheco,richard57@example.com,South,2024-09-16
C01312,Autumn Heath,velezgail@example.org,East,2021-11-30
C01313,Aaron Roberts,wlang@example.com,Central,2023-10-19
C01314,Kristine Palmer,pwright@example.net,Central,2022-09-17
C01315,Matthew Flynn,christopherbailey@example.org,Central,2023-09-04
C01316,Andrew Farley,zgomez@example.org,East,2024-10-02
C01317,George Thompson,langbrian@example.com,West,2021-09-03
C01318,Debra Sanchez,nicholas35@example.com,Central,2024-12-06
C01319,Christine Lee,anthonytorres@example.org,Central,2024-01-15
C01320,Kimberly Jones,brownmelanie@example.org,East,2022-05-11
C01321,Timothy Mcdowell,steven53@example.net,West,2021-08-13
C01322,Gary Vance,roberttucker@example.net,Central,2023-11-18
C01323,Erin Colon,elizabethnielsen@example.net,Central,2025-02-26
C01324,Makayla Ibarra,lauren55@example.net,West,2024-06-19
C01325,Jason Valencia,laurenjohnson@example.net,North,2023-03-04
C01326,Christopher Garcia,debra29@example.com,North,2024-07-20
C01327,Kelly Owens,aaron20@example.net,Central,2022-06-12
C01328,Angela Cox,pcampbell@example.net,South,2024-10-01
C01329,Matthew Moore,beasleyvickie@example.com,West,2023-07-25
C01330,Desiree Carr,obrientara@example.com,West,2023-08-21
C01331,Jeffrey Crawford,xellis@example.net,South,2021-10-25
C01332,Timothy Pierce,emurphy@example.org,West,2023-06-16
C01333,Nancy Evans,ann37@example.org,East,2022-07-14
C01334,Tamara Duncan,chelsea85@example.org,West,2022-06-27
C01335,Jacqueline Pierce,charlesnelson@example.org,West,2023-07-22
C01336,Christopher Ellis,kyle01@example.net,West,2022-01-31
C01337,Autumn Brown,cfrank@example.org,North,2022-10-06
C01338,Sharon Arias,ortizgabriel@example.org,East,2024-02-19
C01339,Craig Hartman,baileyjohnny@example.com,West,2023-04-14
C01340,Victoria Young,gregory40@example.net,East,2025-04-14
C01341,Matthew Ball,youngmichael@example.net,East,2024-10-05
C01342,James Brown,derekrivera@example.net,East,2025-03-03
C01343,Emma Robinson,goodmanjared@example.org,South,2021-06-17
C01344,Maria Lewis,stephanie33@example.com,West,2023-01-27
C01345,Richard Larsen,solissherry@example.org,North,2022-04-21
C01346,Tabitha Little,jason45@example.com,North,2024-04-03
C01347,Joel Brown,xwhite@example.org,North,2023-12-22
C01348,Jason Whitehead,millsgail@example.net,North,2022-04-10
C01349,Jacqueline Mccormick,pfoster@example.net,West,2024-05-03
C01350,Angie Neal,myersdawn@example.net,North,2021-10-05
C01351,Julie Alexander,johnsonjason@example.net,East,2024-06-26
C01352,Mark Edwards,eric14@example.net,South,2021-11-04
C01353,Matthew Rowe,qjackson@example.org,Central,2023-07-07
C01354,Kathleen Sanchez,contreraswilliam@example.org,North,2025-03-29
C01355,Chad Wilson,ydavid@example.com,Central,2022-07-22
C01356,Mark Wright V,ashleykaufman@example.net,Central,2023-07-28
C01357,Michael Carter,dianesmith@example.org,Central,2021-07-31
C01358,Rebecca Moss,samanthacarrillo@example.org,East,2024-08-12
C01359,Daisy Contreras,cherryamanda@example.org,North,2021-08-19
C01360,Judy Espinoza,oadams@example.com,West,2023-06-22
C01361,Robert Peterson,nrivera@example.org,East,2021-07-27
C01362,Gregory Crawford,rhall@example.net,West,2025-01-12
C01363,Jason Martinez,sarasandoval@example.com,North,2023-06-28
C01364,Joseph Coleman,umurphy@example.com,East,2023-10-19
C01365,Terri Tucker,beth08@example.net,Central,2022-12-12
C01366,Mr. James Thompson,pacejessica@example.org,East,2021-12-10
C01367,Cindy Mccullough,jeremy53@example.com,East,2022-07-24
C01368,Bryan Hodges,umoore@example.org,North,2024-01-18
C01369,Victor Drake,kelleylouis@example.org,Central,2024-01-17
C01370,Karl Howard,james16@example.net,Central,2023-06-12
C01371,Samantha Valdez,denisekelley@example.org,South,2021-07-04
C01372,Michael Salazar,wendy07@example.com,South,2024-07-12
C01373,Courtney Garrison,fergusoncandace@example.net,West,2024-07-12
C01374,Marco Watkins,stephanie10@example.org,South,2022-02-14
C01375,Katie Keith,yprice@example.com,North,2023-03-20
C01376,Jacqueline Stanton,colemandavid@example.com,East,2021-05-28
C01377,Antonio Garcia,achase@example.com,Central,2024-05-28
C01378,Joseph Frazier,kevinwallace@example.com,East,2024-06-10
C01379,Kimberly Cole,ptaylor@example.com,North,2021-06-07
C01380,Isaiah Thomas,ikim@example.org,East,2024-05-06
C01381,Kimberly Porter,chambersgeorge@example.net,Central,2021-06-01
C01382,Anthony Olsen,uburton@example.net,South,2022-08-01
C01383,Phillip Baxter,henryray@example.net,West,2021-10-08
C01384,Stephanie Brown,pharding@example.com,Central,2022-05-27
C01385,Katie Mitchell,tim24@example.net,Central,2022-09-03
C01386,Robert Ortega,mariah91@example.org,Central,2022-07-02
C01387,Katherine Norris,christina42@example.com,Central,2025-04-16
C01388,Matthew Flores,lovejamie@example.org,North,2021-09-08
C01389,Joseph Rogers,millerrenee@example.org,Central,2022-03-15
C01390,Andrew Clay,lwyatt@example.net,East,2021-12-10
C01391,Edward Sanchez,michellenichols@example.net,North,2023-10-15
C01392,Mary Jenkins,martinezmichael@example.org,South,2023-09-10
C01393,Jill Buchanan,stevenadams@example.com,East,2024-10-06
C01394,Justin Anderson,robertchen@example.net,East,2023-10-19
C01395,William Miller,johnware@example.com,East,2024-05-09
C01396,William Peterson,fwilliams@example.net,East,2023-03-29
C01397,Lauren Lyons,michaelyork@example.com,North,2021-08-15
C01398,Joan Nguyen,kingalan@example.com,South,2023-11-16
C01399,Aimee Alexander,thomassteven@example.org,South,2024-04-19
C01400,Kimberly Le,audrey84@example.org,Central,2023-10-29
C01401,Shannon Middleton,juanevans@example.com,West,2024-09-26
C01402,Dr. Jennifer Johnson,charlesbradley@example.org,North,2021-09-05
C01403,Mary Simmons,oliviacline@example.net,South,2023-02-28
C01404,Jeffrey Edwards,ebrown@example.org,North,2024-06-18
C01405,Mr. Lucas Thomas,donovanrobin@example.com,North,2022-07-16
C01406,Anna Patton,richard15@example.com,Central,2024-07-18
C01407,Beverly Ryan,watsonalexandra@example.net,South,2022-10-16
C01408,David Bryant,christopher25@example.com,West,2023-09-12
C01409,Emily Tucker,ladams@example.org,West,2023-04-14
C01410,April Medina,estevens@example.net,West,2023-05-21
C01411,Sydney Cunningham,bruce58@example.com,East,2024-11-04
C01412,Frank Miranda,doliver@example.com,South,2025-01-13
C01413,Christina Barnett,zclark@example.net,East,2024-02-06
C01414,Denise Edwards,johnsonaaron@example.net,East,2021-08-24
C01415,Daniel Barker,alec84@example.com,East,2024-11-20
C01416,Barbara Baker,leondavis@example.com,Central,2024-10-01
C01417,Zachary Carey,thomas78@example.org,Central,2023-01-12
C01418,Steven Scott,tsimmons@example.org,North,2024-10-13
C01419,Natalie Smith,juliaswanson@example.com,North,2023-02-18
C01420,Jonathan Watson,lindsay62@example.com,South,2023-06-12
C01421,Alison Ayala,jamie27@example.org,South,2024-03-30
C01422,Brandon Cox Jr.,raymond11@example.com,Central,2025-03-24
C01423,Kimberly Malone,amberjones@example.org,North,2024-08-09
C01424,Kimberly Gutierrez,lisaowens@example.org,North,2022-02-23
C01425,Kevin Maldonado,granttaylor@example.net,East,2022-08-07
C01426,William Barker,alexanderholland@example.org,West,2023-11-17
C01427,John Armstrong,sirwin@example.com,West,2024-09-22
C01428,Timothy Bowen,xclark@example.net,West,2024-08-24
C01429,Brenda Carrillo,brenda44@example.net,Central,2021-09-15
C01430,William White,betty13@example.com,West,2025-01-27
C01431,Whitney Leblanc,ashley39@example.net,West,2021-05-14
C01432,William Jackson,frances30@example.com,East,2025-01-25
C01433,Tiffany Curtis,steven14@example.com,South,2022-11-05
C01434,Phillip Hoover,jamesgordon@example.org,Central,2021-12-20
C01435,James Smith,curtiskrause@example.com,North,2022-11-16
C01436,Megan Olson,tsmith@example.org,East,2021-12-13
C01437,Robert Perez,collinssally@example.org,West,2024-03-29
C01438,Carla Fowler,armstrongmark@example.net,North,2024-11-25
C01439,Chris Stewart,rileymelissa@example.org,East,2023-07-08
C01440,Carolyn Lewis,josephmorris@example.com,Central,2022-08-04
C01441,Nathan Jackson,alyons@example.org,West,2024-09-29
C01442,Paul Patterson,christinasalazar@example.com,Central,2024-07-12
C01443,Laura Gutierrez,xgiles@example.org,East,2023-12-31
C01444,William Beltran,georgemark@example.com,North,2024-10-14
C01445,Tina Williamson,jacob35@example.com,South,2024-09-15
C01446,James Huang,dannyklein@example.com,West,2022-07-13
C01447,Jenna Lee,jonesmichael@example.org,Central,2024-02-15
C01448,Richard Jennings,christopher99@example.org,North,2023-04-23
C01449,Ronald Carter,bboyle@example.org,North,2021-12-09
C01450,Becky Williamson,owalters@example.net,South,2021-07-13
C01451,Terry Noble,blakelisa@example.org,East,2023-09-04
C01452,Melissa Carter DDS,zsnyder@example.net,South,2023-02-16
C01453,Melissa Glenn,jeremy71@example.com,South,2024-04-12
C01454,Joshua Holloway,darryl41@example.org,East,2024-05-15
C01455,David Watson,michelle61@example.org,East,2025-01-22
C01456,Christopher Brown,mikejohnson@example.org,East,2024-02-06
C01457,Thomas Sanford,jeffrey41@example.net,North,2024-12-19
C01458,Andrew Holland,wgonzalez@example.com,North,2024-10-23
C01459,Anthony Barnett,tararussell@example.com,West,2021-08-10
C01460,Tyler Nichols MD,fsanders@example.net,West,2021-05-28
C01461,Paul Jones,warrenjohnny@example.net,South,2021-05-23
C01462,Lindsey Campbell,zanderson@example.net,South,2023-11-16
C01463,Marie Monroe,bradyrobert@example.org,West,2022-02-22
C01464,Ashley Perkins,leechelsea@example.com,Central,2023-02-04
C01465,Nicholas Torres,sharonjackson@example.net,South,2023-03-10
C01466,Elizabeth Davis,stewartjeffrey@example.net,Central,2024-04-03
C01467,Bradley Clarke,cwalker@example.org,Central,2023-05-16
C01468,Jacob Thomas,mitchellroberts@example.com,East,2021-10-18
C01469,Laura Johnson,pattersoncharles@example.net,North,2024-05-28
C01470,Willie Lawson,smithjesse@example.net,West,2024-03-29
C01471,Shannon Lopez,lisagalloway@example.org,North,2023-03-29
C01472,Jennifer Hanson,charles02@example.com,West,2023-11-02
C01473,Justin Rivera,seanjohnson@example.org,North,2024-12-04
C01474,Jessica Brown,michael98@example.net,West,2023-01-15
C01475,Laurie Gutierrez,daniel81@example.com,North,2023-09-16
C01476,Tanya Carroll,bbrown@example.net,East,2021-09-26
C01477,Sarah Hebert,gonzaleztheresa@example.org,Central,2023-12-03
C01478,Kathleen Newman,megangarrett@example.com,West,2024-12-24
C01479,Crystal Hahn,sconner@example.com,Central,2023-06-09
C01480,Sue Fisher,newmanelizabeth@example.net,West,2022-02-16
C01481,Shannon Morrison,fnewman@example.com,West,2024-04-07
C01482,Laura Powell,andrea41@example.org,East,2021-06-14
C01483,Nicole Hall,icalhoun@example.org,North,2024-10-12
C01484,Donald Neal,kristinajones@example.org,West,2023-04-04
C01485,Beth Long,colleenanderson@example.net,North,2023-10-24
C01486,Cody Barrett,ijames@example.com,East,2023-11-02
C01487,Diana Weaver,valdezcarla@example.org,South,2022-04-29
C01488,Sherri Johnson,erikawheeler@example.com,Central,2022-06-08
C01489,Amber Chapman,garrett63@example.org,West,2025-02-10
C01490,Julian Bryan,kaisercaleb@example.com,East,2024-07-07
C01491,Michelle Hanson,gonzalezjonathan@example.net,North,2023-04-01
C01492,Wendy Everett,robert97@example.org,West,2024-02-12
C01493,Julie Townsend,clinescott@example.org,North,2021-07-09
C01494,Mr. Derek Robbins,hopkinskerri@example.net,South,2024-11-16
C01495,Laura Blanchard,fbailey@example.com,West,2022-02-02
C01496,Jeanette Price,joseph22@example.com,Central,2023-05-03
C01497,Lynn Moore,amber41@example.org,West,2022-11-28
C01498,Michelle Rivera,larry78@example.com,Central,2021-09-23
C01499,Dustin Miranda,codonnell@example.org,North,2021-11-25
C01500,Anthony Franklin,jeffrey77@example.net,West,2022-02-06
C01501,John Diaz,brian03@example.net,East,2025-01-21
C01502,Ryan Torres,jamiewoods@example.org,East,2023-01-03
C01503,Miranda Smith,tiffany69@example.net,South,2022-10-30
C01504,Mark Brown,john59@example.net,East,2022-04-24
C01505,Christina Richard,christine57@example.com,South,2022-05-22
C01506,Rachel Little,sperez@example.com,North,2022-12-28
C01507,Stephen Bowers,sharonlawrence@example.com,Central,2024-03-19
C01508,Tiffany Ferguson,leon09@example.net,North,2024-09-15
C01509,Adam Parker,uedwards@example.net,Central,2024-12-27
C01510,Teresa Miller,davidromero@example.com,Central,2024-03-16
C01511,Justin Edwards,nathan70@example.org,South,2021-06-03
C01512,Susan Andrade,johnsongina@example.org,East,2025-04-23
C01513,Robert Parker,wconley@example.com,East,2022-11-09
C01514,Dominique Romero,joel60@example.com,South,2023-02-06
C01515,Rachel Castillo,cooksamuel@example.net,South,2022-07-23
C01516,Nicholas Burke,anthony21@example.net,North,2024-04-17
C01517,David Wise,poncejohn@example.com,South,2023-04-20
C01518,Julian Mcbride,proberts@example.net,East,2024-11-01
C01519,Brandon Rivera,ahowell@example.net,South,2024-02-19
C01520,Christopher Flores,daniel47@example.org,South,2022-02-17
C01521,Anthony Wilson,xsmith@example.org,Central,2022-04-20
C01522,Kevin Smith,laura38@example.net,South,2023-11-20
C01523,Isaac York,bakerbeth@example.net,North,2024-10-15
C01524,Charlotte Harper,fernandeztommy@example.com,South,2023-05-01
C01525,Steven Gonzales,garciaeric@example.com,West,2024-07-26
C01526,Dennis Berry,cbarnes@example.net,West,2022-02-08
C01527,Elizabeth Davis,davisjulie@example.net,Central,2021-04-29
C01528,Kimberly Walker,jenniferwright@example.net,Central,2024-12-21
C01529,Amanda Jones,troymurray@example.com,West,2025-03-08
C01530,Mark Atkinson,kellyrebecca@example.com,Central,2024-09-22
C01531,Karen Keller,brenda09@example.net,Central,2025-04-24
C01532,Kaitlyn Hernandez,enguyen@example.com,East,2022-08-31
C01533,Jordan Miller,xbarr@example.net,East,2024-12-25
C01534,Ronald Huerta,shortdaniel@example.com,South,2023-12-02
C01535,Julia Smith,mercedeswarren@example.com,West,2021-05-10
C01536,Michael Martinez,carla60@example.com,North,2022-01-04
C01537,Kevin English,heidi34@example.net,West,2022-09-03
C01538,Donna Kaiser,ldavis@example.net,West,2022-11-02
C01539,Linda Flowers,jonesalejandro@example.com,East,2024-02-19
C01540,Kyle Edwards,john61@example.com,East,2022-12-14
C01541,Wayne Black,hmejia@example.org,Central,2022-09-23
C01542,Patricia Johnson,michellebean@example.org,North,2023-08-30
C01543,Robert Watkins,xmiller@example.net,East,2021-10-26
C01544,Mrs. Annette Johnson DDS,maria37@example.org,Central,2024-07-25
C01545,Tiffany Griffin,gregorymariah@example.org,North,2022-01-01
C01546,Rebecca Petersen,jack03@example.com,East,2022-11-30
C01547,Edward Garcia,lrodriguez@example.org,West,2022-04-16
C01548,Gregory Campbell,karenmcdowell@example.net,West,2023-05-30
C01549,John Byrd,michelle92@example.com,North,2024-06-02
C01550,Patricia Daniel,joshua06@example.net,North,2022-07-21
C01551,Rachael Good,kelly52@example.net,East,2024-04-14
C01552,Kaitlin Lopez,vwilson@example.org,East,2024-05-15
C01553,Tina Wilcox,nphillips@example.com,North,2025-01-25
C01554,James Adams,katherine00@example.org,North,2021-09-29
C01555,Andrew Griffith,beasleygregory@example.org,Central,2022-10-18
C01556,Robert Smith,nichole70@example.org,Central,2021-05-21
C01557,Rachel Bruce,xcallahan@example.org,Central,2022-09-29
C01558,Jonathan Allen,chadgreer@example.org,West,2024-12-15
C01559,Angela Benjamin,vtorres@example.com,West,2024-01-01
C01560,Christy Velazquez,shaneanderson@example.org,Central,2024-03-26
C01561,Arthur Gross,monicarobbins@example.com,Central,2021-09-17
C01562,Donald Johnson,paige53@example.org,North,2021-05-26
C01563,Michelle Ward,mannsusan@example.com,West,2025-03-27
C01564,Andrea Wiley,cindy62@example.org,Central,2022-09-17
C01565,Evelyn Alexander,charles58@example.com,South,2023-07-15
C01566,Mary Perry,eugenesparks@example.org,East,2024-06-10
C01567,Darrell Garrett,huffmichelle@example.net,Central,2023-09-01
C01568,Jennifer Serrano,xgonzalez@example.net,West,2023-02-25
C01569,Chloe Harris,kelseyhunt@example.org,Central,2022-04-25
C01570,Andrew Harris,jamesjohnston@example.com,South,2023-03-26
C01571,Ryan Johnson,svalencia@example.net,North,2024-01-09
C01572,Heather Moreno,gpeterson@example.net,West,2025-02-20
C01573,Penny Stone,kevinleon@example.com,North,2022-01-19
C01574,Samuel Hoffman,matthew31@example.net,East,2024-05-28
C01575,Stephanie Fitzgerald,carol47@example.org,North,2023-05-27
C01576,Samantha Wolfe,bakerwilliam@example.net,Central,2025-03-09
C01577,Mrs. Dawn Brennan,manuel08@example.net,South,2024-11-03
C01578,James Dean,rodney09@example.org,North,2024-12-23
C01579,Sabrina Coleman,hawkinscrystal@example.com,South,2024-04-19
C01580,Timothy Martinez,kimberlyriddle@example.net,West,2022-11-27
C01581,Ashley Johnson,jessejordan@example.org,West,2024-10-13
C01582,Donna Clements,gpierce@example.com,Central,2021-06-24
C01583,Miss Joanne Graham,zacevedo@example.net,Central,2021-05-14
C01584,Kirk Carter,coxmaria@example.net,Central,2022-08-10
C01585,Nancy Hill,brandonperkins@example.com,South,2022-09-19
C01586,Erica Gray,tammy46@example.net,East,2023-05-07
C01587,Dawn Carlson,dfarmer@example.com,East,2021-06-18
C01588,Larry Price,flowershenry@example.net,East,2023-07-04
C01589,Alicia Turner,timothy34@example.org,West,2025-01-11
C01590,Willie Johnson,robert09@example.org,West,2022-08-10
C01591,Alisha Smith,emeadows@example.net,East,2021-11-18
C01592,Bryan Burke,angelanguyen@example.org,Central,2024-02-10
C01593,Kathryn Carpenter,qjohnson@example.com,North,2025-03-02
C01594,Philip Houston,david99@example.com,East,2023-10-06
C01595,Kenneth Alvarez,douglasbell@example.org,North,2021-11-29
C01596,Brandon Barnes,anabrown@example.com,East,2022-11-28
C01597,Brittney Vargas,vford@example.com,North,2022-07-28
C01598,Robin Patterson,mgomez@example.net,Central,2022-02-14
C01599,Mark Morse,fbishop@example.com,West,2023-02-07
C01600,James Davis MD,davidlindsey@example.net,East,2022-02-14
C01601,Amber Schaefer,jessicarollins@example.com,East,2023-01-07
C01602,Emily Rosario,aaronmoore@example.org,Central,2021-07-27
C01603,Michael Sullivan,zjones@example.com,South,2024-03-28
C01604,Michael Hendricks,kanderson@example.net,East,2025-01-21
C01605,Brian Burnett,angela99@example.org,North,2023-05-22
C01606,William Sanders,sarah81@example.org,Central,2023-02-17
C01607,Cody Taylor,tara69@example.org,South,2022-11-28
C01608,Nicholas Anderson,veronica32@example.com,East,2022-12-03
C01609,Brandon Rose,matthew83@example.org,East,2022-11-19
C01610,Benjamin Miller,gavin19@example.org,West,2023-12-29
C01611,Jon Hensley,yjennings@example.org,South,2025-02-18
C01612,Michael Dean,allenscott@example.com,Central,2023-12-09
C01613,Danielle Sanders,sydney08@example.org,North,2021-09-22
C01614,Stephanie Johnson,bradley70@example.org,East,2023-02-07
C01615,Mary Reed,jacksonjoseph@example.com,Central,2024-03-14
C01616,Melissa Rodriguez,lharding@example.com,West,2022-06-10
C01617,Jake Simmons,stewartveronica@example.com,East,2024-03-10
C01618,Jennifer Lambert,myork@example.org,South,2023-11-26
C01619,Rhonda Marks,kwatson@example.org,Central,2025-04-12
C01620,Karen Edwards,leecunningham@example.net,North,2024-07-10
C01621,Xavier Coleman,alisonnixon@example.com,West,2024-03-21
C01622,Caroline Jordan,rodgersjonathan@example.net,Central,2023-03-16
C01623,Alexa Ibarra,michaelmelissa@example.com,East,2022-03-12
C01624,John Murray,jessica77@example.net,North,2024-12-12
C01625,Margaret Cunningham,phillip59@example.com,East,2022-09-02
C01626,Ashley Wright,rickyyoung@example.org,East,2024-06-27
C01627,David Gillespie,sandersjenna@example.org,South,2025-04-08
C01628,Michael Bright,zbarrett@example.net,South,2024-04-17
C01629,Katie Lawrence,hmorris@example.com,East,2023-03-17
C01630,Todd Griffin,kevinfloyd@example.com,West,2024-01-05
C01631,Richard James,watsonchad@example.org,South,2024-12-27
C01632,Tammy Garcia,ecrosby@example.org,South,2023-09-11
C01633,Matthew Maldonado,jmurillo@example.org,South,2025-03-24
C01634,Matthew Nguyen,justinking@example.net,South,2024-01-02
C01635,Samantha White,charlesreid@example.net,North,2024-11-04
C01636,Gabriel Galloway,harry13@example.net,East,2023-12-15
C01637,Jose Lopez,melinda64@example.com,North,2022-11-26
C01638,Jessica Peterson,hartfrederick@example.net,Central,2024-09-04
C01639,Julie Peterson,robinsonkathleen@example.com,Central,2024-09-29
C01640,Linda Bond,twerner@example.org,Central,2024-01-24
C01641,Allison Gallagher,brent15@example.org,North,2023-05-26
C01642,Daniel Ramos,mcox@example.net,East,2024-05-26
C01643,Paul Smith,chapmannancy@example.net,Central,2021-08-07
C01644,Brooke Bradley,roberthowe@example.org,South,2022-05-06
C01645,Adam Martinez,sarajackson@example.net,Central,2021-06-08
C01646,Aaron Hale,jeffery09@example.com,West,2024-02-28
C01647,Benjamin Harrell,robinsonpaul@example.net,South,2023-03-26
C01648,Veronica Schmidt MD,jacob47@example.net,South,2023-02-11
C01649,Angela Myers,melinda27@example.com,South,2024-03-29
C01650,Robert Wright,marthamarshall@example.net,Central,2022-04-24
C01651,Rachel Harrison,sgrimes@example.org,South,2023-08-28
C01652,Kyle Evans,taylorjustin@example.net,West,2022-06-16
C01653,Emily Pena,gsalinas@example.org,North,2023-06-29
C01654,Sherri Watkins,stacysanchez@example.com,West,2023-12-05
C01655,Michael Cortez,christopher19@example.com,East,2024-06-12
C01656,Brenda Garcia,deborah81@example.org,South,2024-02-03
C01657,Patrick Brock,scott99@example.org,West,2025-03-20
C01658,Melissa Cruz,kanderson@example.org,Central,2021-12-27
C01659,Mr. Wesley Wright,reidemily@example.com,East,2024-03-12
C01660,Shelly Owens,owilliams@example.com,West,2021-05-29
C01661,Mr. Raymond Reyes,kcollins@example.com,South,2023-10-09
C01662,Barry Williams,bthomas@example.com,Central,2021-05-26
C01663,Janet Robinson,sandra45@example.com,South,2023-12-31
C01664,Michael Hampton,kaitlyn60@example.com,East,2021-05-15
C01665,Derek Hinton,randylawrence@example.net,West,2022-09-06
C01666,Thomas Bryant,amyfrank@example.org,South,2023-09-18
C01667,Stephanie Kelly,michael24@example.net,East,2023-06-02
C01668,Jaime Campbell,vlarsen@example.org,Central,2022-05-02
C01669,Summer Fernandez,gabriel37@example.org,West,2022-03-10
C01670,Laura Valdez,paul37@example.com,West,2024-03-27
C01671,Patrick Davies,theodore47@example.org,East,2023-06-12
C01672,Jessica Martin,hesterchristopher@example.net,West,2023-02-02
C01673,Johnathan Ford,lmitchell@example.com,Central,2021-05-09
C01674,Mark Middleton,nancyfrye@example.net,Central,2022-08-29
C01675,Jasmine Diaz,jefferykim@example.com,West,2022-04-27
C01676,Michael Berry,pennysmith@example.net,South,2021-11-06
C01677,Kimberly Terry,karen82@example.org,South,2022-07-02
C01678,Tonya Williams,dianekrueger@example.org,Central,2022-12-28
C01679,Charles Stanley,alexandra87@example.net,South,2023-01-03
C01680,Steven Hardin,xnichols@example.net,East,2023-03-04
C01681,Cynthia Thompson,jimmy22@example.com,North,2025-03-02
C01682,Michelle Nguyen,sarah98@example.org,West,2021-05-20
C01683,Jody Martin,zpena@example.org,East,2021-07-31
C01684,Julie Kelly,taylormichael@example.org,Central,2022-05-28
C01685,Amanda Reyes,teresa63@example.org,North,2023-05-26
C01686,Theresa Waller,tonyawelch@example.org,Central,2024-06-25
C01687,Daniel Barker,thomascharles@example.net,North,2022-01-02
C01688,Tara Archer,uvang@example.net,East,2022-06-18
C01689,Kevin Hill,rcardenas@example.com,North,2024-05-29
C01690,Brianna Diaz,stephanie99@example.org,South,2023-08-27
C01691,Matthew Bird,john39@example.com,East,2024-12-03
C01692,Bryan Reynolds,bassshirley@example.net,West,2021-10-02
C01693,Robert Harris,lindseyjoanne@example.net,Central,2024-05-12
C01694,Samantha Rose,bishopbrenda@example.org,South,2023-03-02
C01695,Ronald Sanchez,andrelewis@example.org,West,2025-04-04
C01696,Robert Hernandez,carlsonabigail@example.net,North,2021-11-01
C01697,Patricia Novak,williamselizabeth@example.org,South,2023-12-27
C01698,Michael Perry,morganjeanne@example.com,West,2023-12-18
C01699,Ann Schmidt,angela07@example.net,East,2024-08-20
C01700,Derek Lewis,freymichael@example.org,North,2024-10-16
C01701,Steven Mccarthy,hbolton@example.net,West,2022-07-20
C01702,Joe Butler,henryross@example.com,North,2025-04-24
C01703,Benjamin Brown,tracy59@example.com,West,2021-05-11
C01704,Peter Rodriguez,gabriel18@example.org,Central,2022-11-30
C01705,Johnathan Miller,plucas@example.com,East,2021-10-19
C01706,Charles White,vthomas@example.net,South,2024-06-01
C01707,Steven Wilson,ebutler@example.org,West,2021-09-30
C01708,Austin Welch,cheryl59@example.org,North,2021-08-13
C01709,Eric Stewart,smithglenn@example.org,East,2025-02-17
C01710,Daniel Houston,adam55@example.net,South,2021-05-10
C01711,Michael Reyes,fashley@example.net,North,2023-03-07
C01712,Nicole Burton,upeterson@example.org,East,2024-10-20
C01713,Rachel Webb,jennifer64@example.net,North,2023-12-28
C01714,Melissa Frederick,williamssarah@example.net,East,2023-03-20
C01715,Patrick Avila,geraldmiranda@example.net,South,2021-11-24
C01716,Susan Wise,carriereed@example.com,South,2022-08-15
C01717,Pamela Romero,lisa38@example.com,North,2022-11-25
C01718,Kiara White,iortiz@example.org,East,2023-05-13
C01719,Heather Hart,jenniferjohnson@example.org,West,2024-06-17
C01720,Brittany Ferguson,cdavis@example.com,South,2025-03-04
C01721,Christopher Huang,valeriemiles@example.net,West,2024-03-14
C01722,James Hogan,peterslisa@example.net,West,2024-06-10
C01723,Aaron Patrick,amandaallen@example.net,Central,2021-10-02
C01724,Anna Alvarado,josephmalone@example.com,North,2023-05-20
C01725,Joseph Warner,eric05@example.net,North,2021-10-09
C01726,Charles Stewart,jhart@example.org,North,2024-07-18
C01727,Laura Flores,monicahays@example.org,East,2024-07-12
C01728,Alexis Wagner,psmith@example.net,South,2025-04-10
C01729,Chris Newman,jason69@example.net,South,2023-11-12
C01730,Benjamin Newman,hickmandennis@example.org,Central,2025-03-06
C01731,Angela Davis,robertsgregory@example.com,Central,2024-06-30
C01732,Laurie Robles,steven14@example.net,Central,2023-06-15
C01733,Monica Doyle,juliakim@example.net,West,2023-05-17
C01734,Lisa Mueller,erin46@example.com,North,2024-08-19
C01735,Ashley Wolfe,lucasmatthew@example.com,East,2025-03-24
C01736,Willie Day,lmassey@example.com,South,2022-02-26
C01737,Charles Lopez,charlescarter@example.net,East,2023-01-04
C01738,Matthew Sullivan,iherrera@example.com,North,2023-01-23
C01739,Katrina Campbell,foxjonathan@example.net,North,2023-08-17
C01740,Stephanie Lambert,daviesbenjamin@example.org,South,2022-04-14
C01741,Ryan Jackson,tsutton@example.com,West,2023-06-11
C01742,Eric Hunter,lloydjeffrey@example.com,Central,2022-11-23
C01743,Edward Miller,joshua86@example.net,West,2023-10-17
C01744,Abigail Salazar,adudley@example.org,North,2021-12-23
C01745,Elizabeth Reeves,ronaldbarber@example.org,North,2021-12-12
C01746,Carrie Alexander,james15@example.com,West,2025-03-03
C01747,Robert Davis,alvaradojoshua@example.com,Central,2023-08-24
C01748,Kirsten Wolf,morrismargaret@example.net,Central,2024-06-10
C01749,Shawn Rice,gilbertamy@example.net,North,2022-08-08
C01750,Emily Wallace,annettewilliams@example.org,Central,2024-08-08
C01751,Matthew Jackson,harrisdebra@example.org,Central,2022-09-05
C01752,Lori Rios DVM,jasonmack@example.com,South,2022-01-29
C01753,Jodi Reynolds,salinascameron@example.net,South,2025-02-05
C01754,Jonathan Palmer,deanna17@example.net,East,2023-04-25
C01755,Maria Taylor,caseytaylor@example.com,West,2022-02-22
C01756,David Barrera,brandon76@example.com,North,2024-02-20
C01757,Ashley Oneill,tarajohnson@example.com,Central,2023-09-17
C01758,Donna Peterson,chanamanda@example.org,East,2023-02-25
C01759,Dr. Rachel Brown MD,ejohnson@example.org,South,2023-04-09
C01760,Kelly Thomas,pking@example.org,Central,2022-12-17
C01761,Roy Smith,sherylhall@example.net,West,2023-04-19
C01762,Natalie Ochoa,fharrison@example.com,South,2022-03-14
C01763,Holly Wilson,taylorelizabeth@example.com,North,2024-08-17
C01764,Benjamin Boyer,fjordan@example.net,Central,2023-05-11
C01765,Alexis Martinez,hermannatalie@example.com,East,2023-10-06
C01766,Nina Fowler,ericbishop@example.com,North,2023-11-09
C01767,Jackie Oliver,mitchell36@example.org,Central,2021-12-20
C01768,Christine Hopkins,lori84@example.com,Central,2024-11-09
C01769,Timothy Petersen,vmartin@example.org,Central,2023-10-09
C01770,Erik Allen,mcclainmegan@example.net,Central,2024-11-26
C01771,Robert Barry,petersmith@example.org,Central,2025-03-31
C01772,Daniel Rodriguez,michaelmiller@example.org,North,2021-05-16
C01773,John Gonzalez,michaelpearson@example.org,West,2022-12-01
C01774,Sandra Smith,vwagner@example.net,West,2023-05-28
C01775,Amy Rhodes,shawdavid@example.com,North,2022-11-15
C01776,Stephanie Parks,zstein@example.com,West,2022-02-28
C01777,Trevor Le,marissa24@example.org,East,2022-07-06
C01778,Barbara Sweeney,jaclynburns@example.org,East,2023-10-19
C01779,Alexander Phillips,michael37@example.org,North,2025-04-13
C01780,Shane Yoder,tracypollard@example.net,East,2023-06-25
C01781,Mary Kennedy,gonzalezbarbara@example.com,North,2023-08-22
C01782,Kevin Wilson,rodriguezstephanie@example.org,East,2023-07-23
C01783,Miguel Coleman,wmoreno@example.com,South,2022-01-22
C01784,Kathryn James,beth59@example.org,North,2024-09-23
C01785,Jessica Bailey DDS,thompsonemma@example.com,Central,2024-07-01
C01786,Juan Burnett,sotosylvia@example.com,East,2024-01-07
C01787,Jennifer Barnes,brentmason@example.org,South,2022-06-24
C01788,Aaron King,eric14@example.com,North,2022-04-10
C01789,Brittany Dalton,robertcooper@example.com,East,2023-11-04
C01790,Michael Castaneda MD,nicholasthompson@example.org,Central,2021-07-16
C01791,Joseph Armstrong,coopercarl@example.org,East,2025-01-24
C01792,Michelle Brooks,gordoncharles@example.net,South,2024-10-19
C01793,Jennifer Cooper,rodney14@example.com,West,2024-03-02
C01794,Lisa Oneill,nicolethompson@example.net,West,2023-10-16
C01795,Kathleen Martin,johnsmith@example.org,South,2024-01-07
C01796,Shannon Parker,davidmontoya@example.net,South,2022-12-01
C01797,Haley Little,amy42@example.org,North,2023-10-25
C01798,Taylor Beltran,dawn00@example.net,West,2024-12-03
C01799,Valerie Powell,timothyfleming@example.org,North,2024-07-07
C01800,Jeffery Stout,gjones@example.net,East,2024-08-24
C01801,Mary Bell,christopher49@example.org,South,2025-03-06
C01802,Erin Bailey,copelandamanda@example.net,North,2021-11-22
C01803,Beverly Rogers,emiller@example.com,South,2022-04-02
C01804,Michael Reynolds,campbellmichelle@example.net,North,2023-10-22
C01805,Nathan Irwin,sherribarber@example.com,East,2022-09-19
C01806,Kelly Baker,jasonharper@example.net,East,2023-09-14
C01807,Holly Doyle,alfredromero@example.org,Central,2024-07-28
C01808,Veronica Anderson,ericasullivan@example.com,West,2025-02-10
C01809,Leah Crawford,evansmith@example.net,Central,2021-10-11
C01810,Michael Robinson,xevans@example.com,West,2024-01-05
C01811,Chad Booth,christopher94@example.net,East,2024-10-25
C01812,Matthew Cooper,malonesylvia@example.net,North,2024-01-28
C01813,Shannon Howell,hfoster@example.com,South,2024-09-27
C01814,Paul Watts,archereric@example.org,East,2021-11-18
C01815,Kelly Jones,eharmon@example.org,East,2021-09-05
C01816,Lauren Hunter,njenkins@example.com,North,2023-04-22
C01817,Amanda Benson,mooremonica@example.com,East,2022-08-22
C01818,Julie Garrett,rachel90@example.net,East,2024-12-20
C01819,Alvin Hughes,clarklisa@example.net,North,2022-05-11
C01820,Sheila Vasquez,tapiamatthew@example.com,East,2023-12-05
C01821,Robert Hoover,alijennifer@example.net,West,2023-03-02
C01822,Jack Miller,salazarbarbara@example.com,West,2023-01-19
C01823,Susan Tucker,xscott@example.net,West,2025-03-15
C01824,Nicole Harris,lisarobinson@example.org,West,2025-02-15
C01825,Lisa Cherry,taylordelgado@example.net,East,2022-03-17
C01826,Courtney Douglas,anna03@example.org,South,2025-02-13
C01827,Jennifer Contreras,olsonemma@example.com,West,2022-12-05
C01828,Dr. James Nolan,andrew88@example.org,West,2022-10-16
C01829,Patricia Munoz,sheltoncharles@example.com,East,2021-07-14
C01830,Carla Lowe,janewalker@example.net,Central,2023-09-16
C01831,James Liu,christie20@example.com,East,2021-06-04
C01832,Nicole Alexander,john14@example.net,North,2025-02-16
C01833,Kyle Thomas,marvin73@example.com,West,2022-09-15
C01834,Carrie Garcia,awolf@example.org,North,2023-05-06
C01835,Andrew Cruz,danny38@example.org,West,2021-07-23
C01836,Roger Carlson,michael12@example.com,Central,2022-07-24
C01837,Christopher Johnson,susan75@example.org,South,2025-01-22
C01838,Sherry Rodriguez,dorseyjoseph@example.org,Central,2021-07-13
C01839,Jack Pena,kalvarez@example.net,East,2022-09-19
C01840,William Freeman,hardingkendra@example.org,East,2021-07-18
C01841,Chad Franklin,williamevans@example.org,North,2023-06-13
C01842,Christopher Garner,jonesmelanie@example.com,North,2022-12-29
C01843,Mary Wallace,lucasgaines@example.net,East,2022-07-25
C01844,Nicolas Martinez,dmartinez@example.org,East,2023-03-03
C01845,Misty Hernandez,jonathan09@example.com,East,2022-07-28
C01846,Theresa Gross,gonzalezmark@example.com,West,2021-09-28
C01847,Beth Underwood,jbaker@example.com,Central,2021-04-28
C01848,Dr. Alan Meyer,kevin73@example.com,West,2022-03-22
C01849,David West,nmartin@example.net,South,2022-08-01
C01850,Randall Anderson,stephen83@example.org,West,2021-06-21
C01851,Hannah Macdonald,tracy96@example.net,East,2022-03-17
C01852,Morgan Meyer,rodriguezluis@example.com,West,2023-05-22
C01853,Samuel Schmidt,ununez@example.com,North,2021-09-02
C01854,Kimberly Brown,ndurham@example.com,East,2024-05-19
C01855,Suzanne Clark,deannasmith@example.org,Central,2022-02-24
C01856,John Shaw,matthew78@example.org,West,2023-09-01
C01857,Mr. Cody Ferrell,nmcfarland@example.org,East,2022-07-16
C01858,John Miller MD,vaughanphyllis@example.com,North,2024-06-10
C01859,Samantha Washington,lestersarah@example.net,North,2024-09-04
C01860,Joel Webb,osbornemark@example.net,West,2023-02-26
C01861,Debra Young,davieselizabeth@example.net,East,2024-12-11
C01862,Mark Brown,spencerrobert@example.net,Central,2024-09-27
C01863,Felicia Lyons,davidrodriguez@example.org,South,2024-08-22
C01864,Nancy Andrews,parkermario@example.com,North,2025-03-19
C01865,Terrence Thompson,donaldbautista@example.net,South,2022-05-06
C01866,Bruce Jensen,christophermurphy@example.org,Central,2024-09-27
C01867,Justin Mills,elizabethfreeman@example.net,West,2022-09-07
C01868,Erica Hammond,qmoreno@example.org,North,2021-09-30
C01869,Christian Howard,christina27@example.org,South,2024-01-15
C01870,Joshua Tucker,drew75@example.org,North,2024-01-28
C01871,Amy Stone,summer68@example.org,South,2025-04-10
C01872,Christina Bush,seandavis@example.org,East,2024-09-23
C01873,Megan Schneider,dawnwatts@example.com,East,2024-01-03
C01874,Jonathan Gardner,thompsonbenjamin@example.org,West,2023-06-04
C01875,John Hammond,michaelcastillo@example.com,Central,2022-08-25
C01876,Jose Brown,jamie66@example.org,North,2025-01-13
C01877,Elizabeth Rice,barbarasmith@example.org,Central,2022-07-28
C01878,Donald Powell,diamond34@example.net,South,2024-09-26
C01879,Madison Salazar,hufflynn@example.net,West,2025-03-06
C01880,Kimberly May,hernandezaudrey@example.net,East,2025-04-20
C01881,James Adams,kimberlymartinez@example.net,East,2025-02-10
C01882,Martha Stewart,lpowers@example.net,West,2024-01-08
C01883,Michael Fuller,fnoble@example.org,North,2022-01-31
C01884,John Boyle,oneillmichael@example.net,Central,2025-01-27
C01885,Tiffany Jacobson,jenny21@example.com,South,2024-08-09
C01886,Jesus Wilson,alyssafitzpatrick@example.net,Central,2024-03-22
C01887,Cody White,travis51@example.com,East,2022-05-03
C01888,Lindsey Patterson,pshea@example.net,West,2021-06-24
C01889,John Flores,kara59@example.net,East,2025-04-18
C01890,Caroline Gonzalez,jgarcia@example.com,East,2022-02-16
C01891,Stephanie Gutierrez,dwhite@example.net,South,2021-06-01
C01892,Mark Spears,gomezryan@example.com,North,2023-09-07
C01893,Kendra Wilson,camachodorothy@example.org,North,2022-01-28
C01894,Patrick Rodriguez,jhernandez@example.net,South,2023-06-07
C01895,Duane Jacobs,sflores@example.net,West,2021-12-06
C01896,David Walker,tabithathompson@example.com,Central,2022-09-26
C01897,Eric Roberts,brownscott@example.com,West,2023-05-25
C01898,Hannah Burton,ysimon@example.org,Central,2023-01-07
C01899,Amanda Davis,larryfrench@example.net,North,2025-02-25
C01900,Jeffery Jones,donovananthony@example.org,East,2022-02-05
C01901,Ryan Hudson,cobbrebecca@example.net,East,2022-11-06
C01902,Miguel Brown,youngandrew@example.net,West,2023-10-28
C01903,James Young,henryandrew@example.com,South,2023-02-08
C01904,Rebecca Arias,adrianperez@example.org,Central,2024-03-09
C01905,Jerry Miller,gabriellepatel@example.com,East,2022-06-23
C01906,Jacob Pitts,alexander73@example.net,West,2023-12-08
C01907,Dakota Velasquez,leekathy@example.org,South,2024-06-28
C01908,Bonnie Jones,ktaylor@example.com,North,2023-11-01
C01909,Martin Black,katielewis@example.org,South,2022-05-11
C01910,Timothy Combs,jenkinsbrian@example.com,North,2022-08-29
C01911,Ashley Powell,jessicasalazar@example.org,West,2021-05-11
C01912,Tonya Whitaker,colemankimberly@example.com,South,2021-07-29
C01913,Melinda Taylor,jordanluis@example.com,West,2022-05-04
C01914,Kyle Boyd,qjones@example.org,North,2021-10-10
C01915,Laura Campbell,lindasimpson@example.net,East,2024-11-09
C01916,Aaron Harrison,mossnancy@example.org,East,2021-09-27
C01917,Mary Barrett,debra47@example.net,North,2024-10-09
C01918,Jody Rogers,vdaniel@example.net,Central,2024-06-08
C01919,Tony Whitaker,wneal@example.com,Central,2024-08-07
C01920,Ryan Leon,arthur41@example.com,East,2022-06-30
C01921,Steven Cole,stephen61@example.net,East,2024-02-27
C01922,Pamela Ellis,clarktammy@example.net,South,2024-05-29
C01923,Cristian Carpenter,carlafuller@example.com,South,2024-11-23
C01924,Wayne Franco,dawnduran@example.net,East,2022-05-20
C01925,Ashley Reynolds,heidiboone@example.org,Central,2024-02-01
C01926,Cynthia Drake,hlopez@example.org,South,2021-09-22
C01927,Aaron Santos,unielsen@example.com,North,2023-11-26
C01928,Steven Owens,nicolas75@example.org,South,2021-09-05
C01929,Amber Kelly,anthony80@example.org,South,2023-04-11
C01930,Andrew Cook,chasejohnson@example.com,South,2024-10-28
C01931,Margaret Green,ecain@example.net,West,2022-02-13
C01932,Ryan Russo,lewisrobin@example.net,North,2022-08-12
C01933,Danielle Hahn,uarmstrong@example.net,East,2022-04-04
C01934,Shawn Gray,pricekaitlyn@example.org,Central,2025-04-03
C01935,Micheal Sawyer,pthompson@example.org,Central,2022-03-16
C01936,Dustin Schultz,ywatson@example.net,East,2023-11-07
C01937,Bruce Greene,kristinrodriguez@example.com,West,2022-08-14
C01938,Anthony Kane,gsimpson@example.net,Central,2022-08-15
C01939,Sergio Adams,fhendricks@example.org,South,2024-09-21
C01940,Melissa Harris,jennifer53@example.net,Central,2022-08-30
C01941,Mitchell Smith,foleyjennifer@example.net,North,2024-03-22
C01942,Jessica Cook,jerrywatts@example.net,North,2023-11-20
C01943,Edward Nguyen,fwilliams@example.net,East,2025-02-06
C01944,Alexis Lewis,laura81@example.net,West,2024-09-28
C01945,Robert Bridges,christopher05@example.com,West,2021-07-14
C01946,Jessica Thomas,rodriguezthomas@example.net,Central,2024-11-26
C01947,Kevin Pope Jr.,tonybryan@example.org,West,2022-09-24
C01948,Luis Jackson,jessicaprice@example.org,West,2021-08-09
C01949,Brandon Murphy,ellisdeborah@example.net,Central,2023-02-03
C01950,Jamie King,nicholascook@example.net,North,2024-03-08
C01951,Kellie Nunez,pwaller@example.net,South,2021-09-11
C01952,Peter Moyer,brendan22@example.net,East,2022-01-16
C01953,Anthony Norman,david72@example.com,North,2022-10-08
C01954,Kayla Bailey,hollowaytammy@example.net,West,2024-07-10
C01955,Shelby Hall,ythomas@example.net,West,2023-12-19
C01956,Amanda Patterson,craneashley@example.com,Central,2025-01-04
C01957,Michael Allen,tracypena@example.com,East,2025-04-20
C01958,Lisa Moore,adam80@example.com,South,2024-01-24
C01959,Sharon Wells,emily29@example.com,Central,2022-04-07
C01960,Heidi Perez,bbarr@example.org,Central,2023-04-28
C01961,Crystal Vargas,sbyrd@example.net,South,2025-01-18
C01962,Kelly Gardner,davidvalencia@example.net,South,2022-01-14
C01963,Cindy Garcia,zcampbell@example.org,West,2023-08-27
C01964,Richard Thomas,rhonda43@example.com,Central,2022-08-04
C01965,Dana Reed,umartin@example.org,North,2024-10-26
C01966,Sierra Rice,christopher71@example.org,North,2021-08-21
C01967,Angela Glover,benjaminrichard@example.org,Central,2024-10-21
C01968,Carlos Ortiz,mark27@example.com,South,2023-10-21
C01969,Stacey Kelly,tellis@example.net,East,2024-12-22
C01970,Cameron Sawyer,jenningsphilip@example.net,South,2022-12-12
C01971,Brooke Ferguson,andrewscody@example.org,South,2024-01-15
C01972,Antonio Neal,justinkelley@example.org,East,2024-11-29
C01973,David Murphy,sandovaljoseph@example.net,South,2023-11-16
C01974,Kimberly Jackson PhD,nstewart@example.net,East,2023-10-27
C01975,Amber Medina,dhansen@example.org,Central,2023-12-20
C01976,Alan Hatfield,hgreene@example.net,East,2023-05-26
C01977,Dr. Michael Johnson,hoffmanroger@example.com,North,2025-03-15
C01978,Dr. Nicole Kane DDS,melissaweber@example.net,East,2023-06-15
C01979,Paul White,pmckee@example.org,South,2025-03-23
C01980,Justin Lewis,carl94@example.org,Central,2021-07-20
C01981,Margaret Cunningham,timothy28@example.org,East,2022-05-08
C01982,Patricia Riley,lopeztimothy@example.net,South,2021-07-30
C01983,Don Walker,hurstwilliam@example.com,East,2022-05-14
C01984,Joel Rose,owhite@example.net,Central,2024-11-28
C01985,Gabriela Obrien,rbarrett@example.net,Central,2024-07-14
C01986,Joshua Huynh,russell06@example.com,North,2024-02-02
C01987,Victor Collins,danny39@example.com,Central,2023-01-06
C01988,Robert Carter,wsanchez@example.net,South,2023-05-27
C01989,Brett Schwartz,marshalldaniel@example.net,Central,2021-05-04
C01990,Brianna Jackson,gfoster@example.org,Central,2023-12-29
C01991,Dr. Michael Green,jennifer05@example.net,South,2023-01-24
C01992,Bethany Oneill,veronica11@example.org,South,2025-01-23
C01993,Robert Clark,leepatricia@example.com,Central,2024-08-25
C01994,Laura Garrett,christina71@example.net,Central,2022-09-14
C01995,Troy Green,ingrammorgan@example.net,East,2023-07-12
C01996,Wayne Hines,petersoncynthia@example.net,Central,2022-06-03
C01997,Kaylee Mullins,vwright@example.net,North,2021-10-15
C01998,Samantha Salazar,ihicks@example.org,North,2024-06-11
C01999,Gabrielle Hart,fred18@example.org,North,2024-12-31
C02000,Tammy Hansen,nmoss@example.com,North,2025-04-23
